USAF,WBAN,STATION NAME,CTRY,STATE,ICAO,LAT,LON,ELEV(M),BEGIN,END
450010,99999,CHEUNG CHAU,CH,,VHCH,+22.200,+114.017,+0079.0,19730101,19971223
450030,99999,TAI-O,CH,,,+22.250,+113.850,+0076.0,19770514,20020820
450040,99999,KOWLOON,CH,,,+22.312,+114.173,+0066.4,19791102,19971231
450050,99999,HONG KONG OBSERVATORY,CH,,,+22.300,+114.167,+0062.0,19460901,20180930
450060,99999,GREEN ISLAND,CH,,,+22.283,+114.117,+0076.0,20010707,20010707
450090,99999,TAI MO SHAN,CH,,,+22.417,+114.117,+0947.0,19471231,19560331
450100,99999,TATE'S CAIRN,CH,,,+22.367,+114.217,+0576.0,20011226,20011226
450320,99999,TA KWU LING,CH,,,+22.533,+114.150,+0013.0,19921204,20230630
450330,99999,KAT O,CH,,,+22.533,+114.300,+0010.0,19921204,19990604
450340,99999,TAI MEI TUK,CH,,,+22.483,+114.233,+0053.0,19921204,20230319
450350,99999,LAU FAU SHAN,CH,,,+22.467,+113.983,+0035.0,20040713,20230630
450390,99999,SHA TIN,CH,,,+22.400,+114.200,+0008.0,20040713,20230630
450410,99999,TSEUNG KAWN O,CH,,,+22.317,+114.250,+0032.0,20040604,20040604
450440,99999,CHEUNG CHAU,CH,,,+22.200,+114.017,+0079.0,20020313,20230630
450450,99999,WAGLAN ISLAND,CH,,,+22.183,+114.300,+0060.0,20040122,20230630
465890,99999,HSIA-TA-CHEN SHAN CHINA SEA,CH,,,+28.417,+121.917,+0035.7,19540516,19550131
470311,99999,MEILAN,CH,,ZJHK,+19.935,+110.459,+0022.9,20040706,20230630
470312,99999,ZHENGDING,CH,,ZBSJ,+38.281,+114.697,+0071.0,20040706,20230630
501360,99999,MOHE,CH,,,+52.967,+122.533,+0438.0,19730101,20230630
502460,99999,TA-HE,CH,,,+52.333,+124.800,+0465.0,19730101,20070727
503490,99999,JIU-HAI-LAI,CH,,,+51.133,+124.050,+0610.0,19730105,20020513
503530,99999,HUMA,CH,,,+51.733,+126.633,+0175.6,19560820,20230630
504250,99999,SAN-HE,CH,,,+50.500,+120.067,+0671.0,19570601,19971231
504340,99999,TULIHE,CH,,,+50.450,+121.700,+0733.0,19570531,20230630
504420,99999,XIAO-YANG-QI,CH,,,+50.800,+124.283,+0549.0,19730313,20020513
504680,99999,AIHUI,CH,,,+50.250,+127.450,+0166.0,19610801,20230630
505140,99999,MAN-ZHOU-LI,CH,,,+49.550,+117.467,+0710.0,19581002,19971027
505270,99999,HAILAR,CH,,,+49.250,+119.700,+0650.0,19560820,20230630
505280,99999,HAI-LAR/TUNGSHAN,CH,,ZYLA,+49.217,+119.800,+0488.0,19790701,20020731
505480,99999,XIAO'ERGOU,CH,,,+49.200,+123.717,+0288.0,19570531,20230630
505570,99999,NENJIANG,CH,,,+49.167,+125.233,+0243.0,19560820,20230630
505640,99999,SUNWU,CH,,,+49.433,+127.350,+0235.0,19560820,20230630
506030,99999,XIN BARAG YOUQI,CH,,,+48.683,+116.817,+0556.7,19600101,20230630
506320,99999,BUGT,CH,,,+48.767,+121.917,+0739.0,19560820,20230630
506390,99999,ZALANTUN,CH,,,+48.000,+122.733,+0310.0,19560820,19611031
506460,99999,BORDO,CH,,,+48.483,+124.850,+0199.0,19570601,19590831
506560,99999,LONG-ZHEN,CH,,,+48.650,+126.667,+0305.0,19610801,19971021
506580,99999,KESHAN,CH,,,+48.050,+125.883,+0237.0,19570601,20230630
507030,99999,BOGUS CHINESE,CH,,,+00.000,+000.000,-0999.0,19801004,20030619
507270,99999,ARXAN,CH,,,+47.167,+119.933,+0997.0,19560820,20230630
507410,99999,NORTHEAST,CH,,,+47.900,+133.500,+0050.0,19570601,19590831
507420,99999,SAN-CHEN-FANG,CH,,,+47.783,+124.167,+0146.0,19570601,19970703
507450,99999,SANJIAZI,CH,,ZYQQ,+47.240,+123.918,+0145.4,19560820,20230630
507560,99999,HAILUN,CH,,,+47.450,+126.867,+0248.0,19560820,20230630
507580,99999,MING-SHUI,CH,,,+47.250,+125.883,+0259.0,19570601,19971211
507740,99999,YICHUN,CH,,,+47.700,+128.833,+0259.1,19570601,20230630
507750,99999,HE-GANG,CH,,,+47.350,+130.200,+0198.0,19570602,19970225
507870,99999,BOGUS CHINESE,CH,,,,,,19880208,20020101
507880,99999,FUJIN,CH,,,+47.233,+131.983,+0065.0,19560820,20230630
508340,99999,TE-PO-SU-K/-MIAO,CH,,,+46.500,+121.367,+0427.0,19610801,19971022
508380,99999,QARSAN SOUTHEAST,CH,,,+46.217,+122.050,+0273.0,19560820,19611031
508440,99999,TAILAI,CH,,,+46.400,+123.450,+0150.0,19610801,20230630
508450,99999,NAME/LOCATION UNKN,CH,,,+00.000,+000.000,-0999.0,19801002,20020906
508530,99999,WANG-KUI,CH,,,+46.833,+126.483,+0158.0,19570601,20020513
508540,99999,ANDA,CH,,,+46.383,+125.317,+0150.0,19560820,20230630
508620,99999,TIE-LI,CH,,,+47.067,+128.033,+0264.0,19571215,20070727
508730,99999,CHIA-MU-SSU /CHIAMUEZE,CH,,,+46.817,+130.333,+0080.2,19560820,19611031
508770,99999,YI-LAN,CH,,,+46.300,+129.550,+0099.0,19610801,20020513
508880,99999,BAOQING,CH,,,+46.317,+132.183,+0083.0,19570602,20230630
509150,99999,ULIASTAI,CH,,,+45.517,+116.967,+0840.0,19560820,20230630
509360,99999,BAICHENG NORTHEAST,CH,,,+45.633,+122.850,+0151.0,19560820,19611031
509450,99999,TA-AN,CH,,,+00.000,+000.000,-0999.0,19801003,20070727
509490,99999,QIAN GORLOS,CH,,,+45.083,+124.867,+0136.0,19560820,20230630
509530,99999,HARBIN,CH,,,+45.933,+126.567,+0117.7,19560820,20230630
509540,99999,CHAO-YUAN,CH,,,+00.000,+000.000,-0999.0,19801001,20031227
509630,99999,TONGHE,CH,,,+45.967,+128.733,+0110.0,19560820,20230630
509680,99999,SHANGZHI,CH,,,+45.217,+127.967,+0191.0,19560820,20230630
509780,99999,JIXI,CH,,,+45.300,+130.917,+0273.5,19560820,20230630
509830,99999,HULIN,CH,,,+45.767,+132.967,+0103.0,19730101,20230630
509880,99999,BOGUS CHINESE,CH,,,,,,19890406,20020509
510530,99999,KABA HE,CH,,,+48.050,+086.350,+0534.0,19600101,20230630
510560,99999,APPROXIMATE LOCALE,CH,,,+47.933,+086.167,+0000.0,19890508,20020918
510680,99999,FUHAI/BURULTOKAY,CH,,,+47.100,+087.383,+0472.0,19620306,19971231
510760,99999,ALTAY,CH,,,+47.733,+088.083,+0737.0,19560820,20230630
510770,99999,BOGUS CHINESE,CH,,,+47.167,+088.367,-0999.0,19570613,20020824
510860,99999,BOGUS CHINESE,CH,,,,,,19840502,20020924
510870,99999,FUYUN,CH,,,+46.983,+089.517,+0827.0,19560820,20230630
511160,99999,BOGUS CHINESE,CH,,,,,,19870103,20020803
511330,99999,TACHENG,CH,,,+46.733,+083.000,+0535.0,19610901,20230630
511560,99999,HOBOKSAR,CH,,,+46.817,+085.750,+1323.2,19560820,20230630
511860,99999,QINGHE/QINGGLI,CH,,,+46.717,+090.400,+1463.0,19620302,19971231
512320,99999,PA-ERH-LU-K'O MTN,CH,,,+45.950,+082.567,+1067.0,19591209,19971231
512410,99999,TO-LI,CH,,,+45.950,+083.617,+2072.0,19570629,19971231
512430,99999,KARAMAY,CH,,,+45.600,+084.850,+0428.0,19610402,20230630
512880,99999,BAYTIK SHAN,CH,,,+45.367,+090.533,+1651.0,19591209,20230428
512940,99999,BOGUS CHINESE,CH,,,,,,19860504,20011008
513300,99999,BOLE/BORTALA,CH,,,+44.917,+082.067,+1366.0,19620302,19971231
513340,99999,JINGHE,CH,,,+44.567,+082.817,+0330.2,19560820,20230630
513460,99999,KUYTUN,CH,,,+44.433,+084.967,+0442.0,19560820,19971231
513520,99999,PAO-TAI EAST,CH,,,+44.817,+085.600,+0335.0,19560820,19570630
513560,99999,SHIHEZI,CH,,,+44.300,+086.033,+0457.0,19560820,19971231
513650,99999,FUKANG,CH,,,+44.150,+087.983,+0549.0,19620302,19971231
513790,99999,QITAI,CH,,,+44.017,+089.567,+0794.0,19560820,20230630
514300,99999,INING,CH,,,+43.917,+081.283,+0670.0,19560820,19580812
514310,99999,YINING,CH,,ZWYN,+43.950,+081.333,+0663.0,19580809,20230428
514370,99999,ZHAOSU/MONGGOLKURE,CH,,,+43.167,+081.117,+1830.0,19620302,19971231
514630,99999,WU LU MU QI,CH,,,+43.783,+087.617,+0919.0,19560820,20230630
514635,99999,DIWOPU,CH,,ZWWW,+43.907,+087.474,+0647.7,19850209,20230630
514670,99999,BALGUNTAY,CH,,,+42.667,+086.333,+1753.0,19600101,20230428
514770,99999,PAU-YANG-HU,CH,,,+43.200,+088.467,+1037.0,19620302,19971231
514950,99999,SHISANJIANFANG,CH,,,+43.217,+091.733,+0732.0,19560820,20230630
514960,99999,YIWANQUAN,CH,,,+43.383,+092.100,+1890.0,19890901,19990715
515260,99999,CHUGIRTY,CH,,,+42.800,+080.850,+2042.0,19620302,19971231
515420,99999,BAYANBULAK,CH,,,+43.033,+084.150,+2459.0,19600101,20230630
515570,99999,BOGUS CHINESE,CH,,,,,,19881001,20011120
515670,99999,YANQI,CH,,,+42.050,+086.567,+1097.0,19560820,19971231
515730,99999,TURPAN,CH,,,+42.950,+089.233,+0039.3,19560820,20230630
515810,99999,SHANSHAN/PIQAN,CH,,,+42.917,+090.250,+0410.0,19890901,19970504
516280,99999,WEN-SU,CH,,,+41.267,+080.233,+1286.0,19560820,19971231
516330,99999,BAICHENG/BAY,CH,,,+41.767,+081.867,+1280.0,19621101,19971231
516380,99999,KUQA SOUTHWEST,CH,,,+41.300,+081.683,+0985.0,19620302,19620731
516420,99999,LUNTAI/BUGUR,CH,,,+41.783,+084.167,+0883.0,19620302,19971231
516440,99999,KUQA,CH,,,+41.717,+082.950,+1100.0,19560820,20230630
516560,99999,KORLA,CH,,,+41.733,+085.817,+0903.0,19610901,20230630
517010,99999,SAI-K'O-LO-T'E-MA,CH,,,+40.450,+075.383,+3651.0,19620302,19971231
517050,99999,AR-TUX,CH,,,+39.667,+076.167,+1494.0,19560820,19971231
517060,99999,TEJAN,CH,,,+39.700,+076.350,,19560820,19570930
517080,99999,AK-TO,CH,,,+00.000,+000.000,-0999.0,19790705,19820402
517090,99999,KASHI,CH,,ZWSH,+39.543,+076.020,+1380.4,19571004,20230630
517110,99999,AKQI,CH,,,+40.933,+078.450,+1986.0,19570701,20230630
517160,99999,BACHU,CH,,,+39.800,+078.567,+1117.0,19560820,20230630
517200,99999,CH'I-LAN-TAI,CH,,,+40.533,+079.533,+1158.0,19620202,19971231
517300,99999,ALAR,CH,,,+40.500,+081.050,+1013.0,19620302,20230630
517470,99999,TAZHONG,CH,,,+39.000,+083.667,+1099.0,20010915,20230630
517650,99999,TIKANLIK,CH,,,+40.633,+087.700,+0847.0,19570630,20230630
517770,99999,RUOQIANG,CH,,,+39.033,+088.167,+0889.0,19560820,20230428
517780,99999,BOGUS CHINESE,CH,,,,,,19801004,20020611
517860,99999,BOGUS CHINESE,CH,,,,,,19801004,20011214
518040,99999,P U-LI,CH,,,+37.783,+075.233,+3159.0,19570201,19600328
518110,99999,SHACHE,CH,,,+38.433,+077.267,+1232.0,19560820,20230630
518180,99999,PISHAN,CH,,,+37.617,+078.283,+1376.0,19610301,20230630
518280,99999,HOTAN,CH,,ZWTN,+37.133,+079.933,+1375.0,19560820,20230630
518390,99999,MINFENG,CH,,,+37.067,+082.717,+1409.0,19600101,19971231
518480,99999,ANDIR,CH,,,+37.933,+083.650,+1264.0,19620302,19971231
518550,99999,QIEMO/QARQAN,CH,,,+38.150,+085.550,+1248.0,19560820,19971231
518860,99999,MANGNAI,CH,,,+38.250,+090.850,+2945.0,19610801,20230630
518950,99999,ZILIUJING WEST,CH,,,+37.850,+091.483,+3061.0,19560820,19610705
519150,99999,SOGAT SOUTHWEST,CH,,,+36.333,+078.000,+3700.0,19570629,19600131
519310,99999,YUTIAN/KERIYA,CH,,,+36.867,+081.700,+1554.0,19560820,19971231
521010,99999,BARKOL,CH,,,+43.583,+092.850,+1584.0,19610901,19971231
521120,99999,NAOMAOHU,CH,,,+43.600,+095.133,+0469.0,20030330,20230630
521180,99999,YIWU,CH,,,+43.267,+094.700,+1729.0,19610901,19971231
522030,99999,HAMI,CH,,ZWHM,+42.817,+093.517,+0739.0,19560820,20230630
522670,99999,EJIN QI,CH,,,+41.950,+101.067,+0941.0,19600301,20230428
522680,99999,APPROXIMATE LOCALE,CH,,,+42.083,+101.667,+0000.0,19740425,20020522
523030,99999,YA-MAN-SU,CH,,,+00.000,+000.000,-0999.0,19731008,20011209
523130,99999,XING-XING-XIA,CH,,,+41.783,+095.133,+1935.0,19560820,19971231
523180,99999,HONGLIUYUAN,CH,,,+41.067,+095.417,+1524.0,19740612,20201230
523230,99999,MAZONG SHAN,CH,,,+41.800,+097.033,+1770.0,19591209,20230630
523330,99999,YEH-MA-CHING,CH,,,+41.700,+098.250,+1463.0,19740430,19820421
523430,99999,SHU-LUN-CHING,CH,,,+41.950,+100.000,+0958.0,19610701,20221119
523530,99999,DALAIN HOB EAST,CH,,,+41.967,+100.883,+0946.0,19570601,19580531
523670,99999,BOGUS CHINESE,CH,,,,,,19801001,19850320
523770,99999,BOGUS CHINESE,CH,,,,,,19801002,19840506
523780,99999,GUAIZIHU,CH,,,+41.367,+102.367,+0960.0,19600501,20230630
523910,99999,PANG-TING-TO-TO-KAI,CH,,,+41.750,+103.967,+1463.0,19600101,20020416
524180,99999,DUNHUANG,CH,,,+40.150,+094.683,+1140.0,19560820,20230428
524240,99999,AN-XI,CH,,,+40.500,+096.000,+1177.0,19570629,19971231
524310,99999,BOGUS CHINESE,CH,,,,,,19840102,19860927
524340,99999,YUMENZHEN NORTHEAST,CH,,,+40.467,+097.183,+1360.0,19621102,19621230
524360,99999,YUMENZHEN,CH,,,+40.267,+097.033,+1527.0,19560820,20230630
524410,99999,BEISHAN (MTNS),CH,,,+40.717,+098.617,+1554.0,19730101,19900418
524460,99999,SHUANGCHENGTZU,CH,,,+40.400,+099.800,+1158.0,19560820,19971231
524470,99999,JINTA,CH,,,+39.817,+098.900,+1372.0,19890101,19970514
524950,99999,BAYAN MOD,CH,,,+40.750,+104.500,+1329.0,19610902,20230630
525230,99999,APPROXIMATE LOCALE,CH,,,+39.833,+096.750,+0000.0,19801001,19840611
525330,99999,JIUQUAN/SUZHOU,CH,,ZLJQ,+39.767,+098.483,+1478.0,19460331,20230630
525331,99999,ZHONGCHUAN,CH,,ZLLL,+36.515,+103.620,+1947.1,20040713,20230630
525360,99999,JIAYUGUAN SOUTHWEST,CH,,,+39.617,+098.050,+2154.0,19610903,19610930
525430,99999,BOGUS CHINESE,CH,,,,,,19801002,20020501
525460,99999,GAOTAI WEST,CH,,,+39.383,+099.717,+1354.0,19560820,19611031
525760,99999,LAI-YEN-CH'IH,CH,,,+39.383,+102.833,+1383.0,19570601,19971231
526020,99999,LENGHU,CH,,,+38.833,+093.383,+2771.0,19570701,20230630
526180,99999,DANGCHENGWAN SOUTH,CH,,,+39.167,+094.833,+3746.0,19620302,19620430
526330,99999,TUO-LE,CH,,,+38.800,+098.417,+0609.0,19610902,19971231
526450,99999,YEH-NIU-KOU,CH,,,+38.467,+099.550,+2169.0,19600301,19970514
526510,99999,ZHANG-YE/SOUTH,CH,,,+38.817,+100.400,+1493.0,19560820,20011205
526520,99999,ZHANGYE,CH,,,+39.083,+100.283,+1462.0,19600101,20230630
526530,99999,ZHANG-YE/SOUTHEAST,CH,,,+38.800,+100.667,+1463.0,19731109,20011012
526570,99999,BABAO,CH,,,+38.233,+100.250,+2700.0,19600101,19970514
526610,99999,SHAN-DAN,CH,,,+38.800,+101.083,+1760.0,19560820,19970514
526710,99999,SALT LAKE,CH,,,+00.000,+000.000,-0999.0,19740422,20020609
526740,99999,JIN-CHANG,CH,,,+38.467,+102.183,+1676.0,19640101,19971231
526790,99999,CAIQI SOUTHEAST,CH,,,+38.083,+102.917,+1525.0,19560820,19611031
526810,99999,MINQIN,CH,,,+38.633,+103.083,+1367.0,19570502,20230630
526820,99999,BOGUS CHINESE,CH,,,,,,19890404,20020106
526980,99999,GOLMUD NW,CH,,,+00.000,+000.000,-0999.0,19800703,20010829
527020,99999,SHA-LIANG-ZI,CH,,,+37.917,+093.350,+0000.0,19801005,20010903
527070,99999,T'A-ERH-TING,CH,,,+37.067,+092.867,+2712.0,19570701,19971231
527130,99999,DA-QAIDAM,CH,,,+37.850,+095.367,+3174.0,19570630,20230630
527230,99999,BOGUS CHINESE,CH,,,+00.000,+000.000,-0999.0,19740612,20020926
527360,99999,BOGUS CHINESE,CH,,,+00.000,+000.000,-0999.0,19731004,20020818
527370,99999,DELINGHA,CH,,,+37.367,+097.367,+2982.0,19560820,20230630
527380,99999,BOGUS CHINESE,CH,,,+00.000,+000.000,-0999.0,19731129,20011104
527400,99999,HSIN-YUAN,CH,,,+37.300,+099.017,+3627.0,19890928,19970514
527440,99999,KARMAR NORTHWEST,CH,,,+37.500,+098.800,+3978.0,19610316,19620621
527530,99999,BOGUS CHINESE,CH,,,+37.683,+100.700,+3353.0,19740612,19850306
527540,99999,GANGCA,CH,,,+37.333,+100.133,+3302.0,19610316,20230630
527650,99999,HAO-MEN,CH,,,+37.367,+101.617,+2682.0,19610901,19971231
527660,99999,BOGUS CHINESE,CH,,,+00.000,+000.000,-0999.0,19731110,20011214
527760,99999,GU-LANG (?),CH,,,+00.000,+000.000,-0999.0,19740617,19811221
527770,99999,XOLUNGLANG SE,CH,,,+37.150,+102.217,+2934.0,19740425,19741203
527790,99999,TIANZHU NORTHEAST,CH,,,+37.267,+102.883,+2728.0,19740423,19760112
527820,99999,NAME/LOCATION UNKN,CH,,,,,,19801004,20011110
527870,99999,WUSHAOLING,CH,,,+37.200,+102.867,+3044.0,19560820,20230630
527880,99999,BOGUS CHINESE,CH,,,+37.233,+103.400,+2415.0,19731101,20020922
527970,99999,CHING-T'AI,CH,,,+37.133,+104.217,+1402.0,19620302,19970514
527980,99999,BOGUS CHINESE,CH,,,+37.067,+104.467,+1829.0,19740427,20160421
528130,99999,GOL-MUD (?),CH,,,+36.817,+095.350,+2731.0,19731109,20011126
528180,99999,GOLMUD,CH,,ZLGM,+36.417,+094.900,+2809.0,19560820,20230630
528250,99999,NUO-MU-HONG,CH,,,+36.450,+096.467,+2804.0,19570601,19971231
528260,99999,BOGUS CHINESE,CH,,,+00.000,+000.000,-0999.0,19801001,19850320
528330,99999,SERH,CH,,,+36.950,+098.350,+2987.0,19890901,19970719
528360,99999,DOULAN,CH,,,+36.300,+098.100,+3190.0,19560820,20230630
528380,99999,HSIANG-JIH-TE NE,CH,,,+36.067,+097.750,+2976.0,19731108,19750414
528420,99999,CHA-KA,CH,,,+36.783,+099.083,+2925.0,19610901,19971231
528460,99999,BOGUS CHINESE,CH,,,,,,19801003,19840515
528540,99999,JIANG-XI-GOU (?),CH,,,+00.000,+000.000,-0999.0,19570701,20020910
528560,99999,GONGHE,CH,,,+36.350,+100.783,+2743.0,19560820,19971231
528570,99999,BOGUS CHINESE,CH,,,,,,19801004,19850328
528640,99999,HUANG-YUAN (?),CH,,,+00.000,+000.000,-0999.0,19841101,20020712
528660,99999,XINING,CH,,ZLXN,+36.617,+101.767,+2262.0,19560820,20230630
528680,99999,HEY-IN,CH,,,+36.033,+101.433,+2072.0,19620302,19971122
528760,99999,MINHE,CH,,,+36.333,+102.833,+1905.0,19620302,19970513
528860,99999,APPROXIMATE LOCALE,CH,,,+36.567,+103.700,+1951.0,19731108,20020803
528880,99999,LAN-ZHOU/CITY,CH,,ZLAN,+36.117,+103.617,+1600.0,19740613,20020301
528890,99999,LANZHOU,CH,,,+36.050,+103.883,+1518.0,19560820,19971231
528950,99999,JINGYUAN,CH,,,+36.583,+104.683,+1505.0,19560820,19971231
529070,99999,BOGUS CHINESE,CH,,,+35.167,+092.833,+4877.0,19740601,20020310
529080,99999,WUDAOLIANG,CH,,,+35.217,+093.083,+4613.0,19570701,20230630
529400,99999,APPROXIMATE LOCALE,CH,,,+35.500,+099.333,+0000.0,19841101,19851116
529410,99999,NAME UNKNOWN,CH,,,+35.717,+098.917,+3962.0,19900101,20101225
529420,99999,ZIKETAN WEST,CH,,,+35.767,+099.167,+4723.0,19600101,19600430
529430,99999,XINGHAI,CH,,,+35.750,+099.983,+3200.0,19600601,19970514
529470,99999,APPROXIMATE LOCALE,CH,,,+35.167,+098.750,+0000.0,19831203,19850625
529550,99999,GUINAN,CH,,,+35.583,+100.750,+3123.0,20010802,20230630
529570,99999,TONGDE,CH,,,+35.267,+100.650,+3290.0,19560820,19971231
529580,99999,APPROXIMATE LOCALE,CH,,,+35.267,+100.650,+0000.0,19731129,19890816
529680,99999,SON-AG,CH,,,+35.033,+101.467,+3565.0,19620302,20020208
529740,99999,BOGUS CHINESE,CH,,,,,,19910201,19971019
529780,99999,XIAHE NORTH,CH,,,+35.233,+102.500,+3050.0,19560820,19580408
529830,99999,YU ZHONG,CH,,,+35.867,+104.150,+1875.0,20040510,20230630
529840,99999,LINXIA,CH,,,+35.467,+102.983,+1920.0,19620302,19970807
529860,99999,LINTAO,CH,,,+35.333,+104.000,+1905.0,19570705,19970514
529960,99999,HUAJIALING,CH,,,+35.383,+105.000,+2450.0,19560820,20230630
530680,99999,ERENHOT,CH,,,+43.650,+112.000,+0966.0,19560820,20230630
530730,99999,BOGUS CHINESE,CH,,,+00.000,+000.000,-0999.0,19740429,20020410
530780,99999,BOGUS CHINESE,CH,,,+00.000,+000.000,-0999.0,19740420,20020610
530830,99999,NARAN BULAG,CH,,,+44.617,+114.150,+1183.0,19580101,20230630
531490,99999,MANDAL,CH,,,+42.533,+110.133,+1223.0,19580101,20230630
531920,99999,ABAG QI,CH,,,+44.017,+115.000,+1147.7,19560820,20230630
531950,99999,ENGER SHOOTO,CH,,,+43.383,+114.450,+1128.0,19570601,20090904
532310,99999,HAILS,CH,,,+41.450,+106.383,+1510.0,19600102,20230630
532760,99999,JURH,CH,,,+42.400,+112.900,+1152.0,19560820,20230428
532780,99999,BOIN SUM,CH,,,+42.200,+112.517,+1280.0,19890901,19910607
532860,99999,BOGUS CHINESE,CH,,,+00.000,+000.000,-0999.0,19731009,20011205
533230,99999,BOGUS CHINESE,CH,,,+00.000,+000.000,-0999.0,19740617,19841006
533310,99999,BOGUS CHINESE,CH,,,+00.000,+000.000,-0999.0,19801001,20011010
533360,99999,HALIUT,CH,,,+41.567,+108.517,+1290.0,19560820,20230630
533520,99999,BAILING-MIAO,CH,,,+41.700,+110.433,+1377.0,19560820,20230630
533620,99999,SHARA MORON SUME,CH,,,+42.033,+111.533,+1372.0,19610801,19971111
533630,99999,APPROXIMATE LOCALE,CH,,,+41.667,+111.783,+1524.0,19740616,20020203
533760,99999,BA-DAO-GOU (?),CH,,,+00.000,+000.000,-0999.0,19740421,20020605
533910,99999,HUADE,CH,,,+41.900,+114.000,+1484.0,19560820,20230630
534200,99999,HANG-CHIN-HOU-CHI NW,CH,,,+40.967,+107.167,+1035.0,19560820,19611031
534360,99999,BOGUS CHINESE,CH,,,+00.000,+000.000,-0999.0,19801001,20030723
534460,99999,BAOTOU,CH,,ZBOW,+40.567,+109.983,+0940.0,19560820,19840813
534463,99999,BAOTOU,CH,,ZBOW,+40.559,+109.998,+1012.2,20060727,20190611
534620,99999,PI KO CHAI(AFLD),CH,,,+40.750,+111.267,+1036.0,19731020,20030923
534630,99999,BAITA,CH,,ZBHH,+40.851,+111.824,+1083.9,19560820,20230630
534730,99999,CHI PI PU LANG,CH,,,+00.000,+000.000,-0999.0,19800708,20020509
534770,99999,BOGUS CHINESE,CH,,,+00.000,+000.000,-0999.0,19740425,20020524
534780,99999,YOU-YU,CH,,,+40.167,+112.333,+1212.0,19570601,19971231
534800,99999,JINING,CH,,,+41.033,+113.067,+1416.0,19560820,20230630
534870,99999,DATONG,CH,,,+40.083,+113.417,+1054.0,19570601,20230630
534880,99999,CHU LE P'U,CH,,,+00.000,+000.000,-0999.0,19731111,20020621
535020,99999,JARTAI,CH,,,+39.783,+105.750,+1143.0,19560820,20230630
535130,99999,LINHE,CH,,,+40.767,+107.400,+1041.0,19560820,20230630
535190,99999,SHIZUISHAN/DAWUKOU,CH,,,+39.050,+106.400,+0975.0,19620302,19970820
535230,99999,A-LU-CH'IH-LAO-KA,CH,,,+39.883,+108.000,+1372.0,19740613,20020910
535290,99999,OTOG QI,CH,,,+39.100,+107.983,+1381.0,19560820,20230630
535330,99999,HANG-GIN-QI,CH,,,+39.850,+108.733,+1450.0,19731004,20130527
535390,99999,PA LA MU TU SHIH LI,CH,,,+39.150,+108.900,+1140.0,19731004,19850401
535430,99999,DONGSHENG,CH,,,+39.833,+109.983,+1459.0,19730101,20230630
535460,99999,XINJIE NW,CH,,,+39.283,+109.750,+1310.0,19560820,19631231
535630,99999,BOGUS CHINESE,CH,,,+00.000,+000.000,-0999.0,19800401,20011128
535640,99999,HEQU,CH,,,+39.367,+111.217,+1037.0,19560820,20230630
535730,99999,BOGUS CHINESE,CH,,,+00.000,+000.000,-0999.0,19801001,20020625
535770,99999,BOGUS CHINESE,CH,,,+39.133,+112.300,+1219.0,19740612,20070602
535780,99999,BOGUS CHINESE,CH,,,+39.300,+112.417,+0900.0,19731108,20030414
535870,99999,BOGUS CHINESE,CH,,,+00.000,+000.000,-0999.0,19801003,20021010
535880,99999,WUTAI SHAN,CH,,,+38.950,+113.517,+2210.0,19560820,20230630
535930,99999,YU XIAN,CH,,,+39.833,+114.567,+0910.0,19560820,20230630
536020,99999,ALXA ZUOQI/BAYAN HO,CH,,,+38.833,+105.533,+1500.0,19600101,19970520
536140,99999,YINCHUAN,CH,,ZLIC,+38.483,+106.217,+1112.0,19560820,20230630
536150,99999,YINCHUAN (CITY),CH,,,+38.467,+106.317,+1005.0,19620302,19970514
536240,99999,BOGUS CHINESE,CH,,,,,,19801002,20011024
536360,99999,UXIN-QI,CH,,,+38.600,+108.850,+1341.0,19840503,19860712
536460,99999,YULIN,CH,,,+38.267,+109.783,+1158.0,19560820,20230630
536520,99999,BOGUS CHINESE,CH,,,+38.983,+110.600,+1219.0,19740503,20020604
536620,99999,MA-CHIA-HO EAST,CH,,,+38.800,+111.450,+1671.0,19740422,19740816
536630,99999,WU-ZHAI,CH,,,+38.917,+111.833,+1463.0,19570616,20070727
536640,99999,XINXIAN,CH,,,+38.400,+112.717,+0900.0,19570601,19971231
536660,99999,HSIA-TAO-HUNG SOUTH,CH,,,+38.400,+111.833,+1370.0,19570601,19620421
536730,99999,YUANPING,CH,,,+38.750,+112.700,+0838.0,19560820,20230630
536810,99999,BOGUS CHINESE,CH,,,+38.717,+113.000,+0792.0,19740124,20020417
536980,99999,SHIJIAZHUANG,CH,,,+38.067,+114.350,+0104.8,19560820,20230630
537050,99999,ZHONGNING,CH,,,+37.483,+105.683,+1193.0,19560820,20230630
537130,99999,BOGUS CHINESE,CH,,,,,,19801001,20020520
537140,99999,BOGUS CHINESE,CH,,,,,,19801002,20040913
537150,99999,HUI-AN-BU,CH,,,+37.450,+106.667,+1463.0,19731110,20010712
537230,99999,YANCHI,CH,,,+37.800,+107.383,+1356.0,19560820,20230630
537380,99999,PIN-KOU-MEN,CH,,,+37.150,+108.383,+1438.0,19600102,19971231
537400,99999,ZI-CHANG,CH,,,+37.133,+109.650,+1189.0,19570601,19970514
537430,99999,MI-ZHI AIRFIELD (?),CH,,,+37.867,+110.067,+0975.0,19740423,19820424
537450,99999,APPROXIMATE LOCALE,CH,,,+37.467,+109.583,+0000.0,19731004,20020923
537530,99999,BOGUS CHINESE,CH,,,+37.833,+110.833,+0914.0,19740613,19840904
537540,99999,SUIDE,CH,,,+37.467,+110.250,+0900.0,19620302,19970514
537570,99999,BOGUS CHINESE,CH,,,+00.000,+000.000,-0999.0,19740430,19840218
537630,99999,BOGUS CHINESE,CH,,,+00.000,+000.000,-0999.0,19731004,20030924
537640,99999,LISHI,CH,,,+37.500,+111.100,+0951.0,19570601,20230630
537720,99999,WUSU,CH,,ZBYN,+37.747,+112.628,+0784.9,19560820,20230630
537760,99999,YU-CI (?),CH,,,+37.700,+112.717,+0823.0,19740422,20011111
537820,99999,YANGQUAN,CH,,,+37.817,+113.567,+0908.0,19570601,19971231
537870,99999,YUSHE,CH,,,+37.067,+112.983,+1042.0,19570601,20230630
537880,99999,BOGUS CHINESE,CH,,,+00.000,+000.000,-0999.0,19740423,20020422
537970,99999,BOGUS CHINESE,CH,,,,,,19801002,20011222
537980,99999,XINGTAI,CH,,,+37.183,+114.367,+0184.0,19570601,20230630
537981,99999,HANDAN/HEIBEI,CH,,ZBHD,+36.533,+114.433,+0069.8,20120116,20140715
538050,99999,HAI-YUAN,CH,,,+36.567,+105.650,+1850.0,19740613,20020224
538100,99999,QI-YING,CH,,,+36.550,+106.150,+1615.0,19610103,19970514
538170,99999,GUYUAN,CH,,,+36.017,+106.283,+1676.0,19600101,19970514
538180,99999,BOGUS CHINESE,CH,,,+00.000,+000.000,-0999.0,19740421,19850411
538210,99999,HUNG-TE,CH,,,+36.767,+107.200,+1322.0,19610103,19971231
538230,99999,BOGUS CHINESE,CH,,,+00.000,+000.000,-0999.0,19731008,20020614
538450,99999,YAN AN,CH,,ZLYA,+36.600,+109.500,+0959.0,19560820,20230630
538530,99999,XI-XIAN,CH,,,+36.700,+110.933,+1006.0,19610801,19971231
538630,99999,JIEXIU,CH,,,+37.033,+111.917,+0745.0,19560820,20230630
538650,99999,BOGUS CHINESE,CH,,,,,,19840204,19860124
538660,99999,BOGUS CHINESE,CH,,,+00.000,+000.000,-0999.0,19731115,20200620
538680,99999,CANYU NORTHEAST,CH,,,+36.150,+111.450,+0462.0,19560820,19611031
538870,99999,CHANG-ZHI,CH,,,+36.200,+113.117,+0975.0,19560820,20041117
538920,99999,YONGNIAN NORTHWEST,CH,,,+36.800,+114.450,+0060.0,19560820,19570731
538980,99999,ANYANG,CH,,,+36.050,+114.133,+0195.7,19570601,20230630
539030,99999,XI-JI,CH,,,+35.967,+105.717,+1935.0,19620302,19970609
539130,99999,BOGUS CHINESE,CH,,,,,,19890611,20020929
539150,99999,PINGLIANG,CH,,,+35.550,+106.667,+1348.0,19560820,20230630
539230,99999,XIFENGZHEN,CH,,,+35.733,+107.633,+1423.0,19560820,20230630
539290,99999,CHANG-WU,CH,,,+35.217,+107.800,+1219.0,19801001,19971231
539380,99999,CHIU-PO-TOU NW,CH,,,+35.283,+108.300,+1219.0,19740601,19741025
539420,99999,LUO-CHUAN,CH,,,+35.750,+109.417,+1000.0,19570601,19970728
539450,99999,HUANG-LONG,CH,,,+00.000,+000.000,-0999.0,19740519,20020613
539470,99999,TONGCHUAN,CH,,,+35.167,+109.050,+0914.0,19560820,19971231
539480,99999,BOGUS CHINESE,CH,,,,,,19801002,19850311
539590,99999,YUNCHENG,CH,,,+35.117,+111.067,+0376.5,19560820,20230630
539750,99999,YANGCHENG,CH,,,+35.483,+112.400,+0659.0,19610801,20230630
539850,99999,SHEN-CHUANG,CH,,,+00.000,+000.000,-0999.0,19731110,20020603
539860,99999,GUGUZHAI NW,CH,,,+35.250,+113.950,+0072.0,19560820,19611031
539950,99999,HUAXIANCHENG NE,CH,,,+35.583,+114.550,+0062.0,19731111,19760103
540010,99999,TAI-LE-MIN-SU-MU,CH,,,+44.900,+115.417,+1143.0,19900401,19950919
540120,99999,XI UJIMQIN QI,CH,,,+44.583,+117.600,+0997.0,19560820,20230630
540160,99999,BOGUS CHINESE,CH,,,+00.000,+000.000,-0999.0,19801002,20020521
540170,99999,BOGUS CHINESE,CH,,,+00.000,+000.000,-0999.0,19801001,20030311
540260,99999,JARUD QI,CH,,,+44.567,+120.900,+0266.0,19560820,20230630
540270,99999,LINDONG,CH,,,+43.983,+119.400,+0485.0,19560820,20230630
540280,99999,BOGUS CHINESE,CH,,,+00.000,+000.000,-0999.0,19740101,20020413
540410,99999,KAITONG/TONGYU,CH,,,+44.800,+123.083,+0152.0,19570601,20070727
540490,99999,CHANGLING,CH,,,+44.250,+123.967,+0190.0,19560820,20230630
540630,99999,WU-CHAI-CHAN,CH,,,+44.967,+125.683,+0240.0,19570601,20070727
540680,99999,BOGUS CHINESE,CH,,,+00.000,+000.000,-0999.0,19731108,20020313
540740,99999,BOGUS CHINESE,CH,,,+00.000,+000.000,-0999.0,19801001,19821126
540800,99999,SHAHEZI SE,CH,,,+44.483,+127.600,+0249.0,19571201,19590831
540940,99999,MUDANJIANG,CH,,,+44.500,+129.667,+0306.5,19560820,20230630
540960,99999,SUIFENHE,CH,,,+44.383,+131.150,+0498.0,19560820,20230630
540970,99999,MUDANJIANG NORTH,CH,,,+44.133,+129.217,+0282.0,19570601,19590831
541020,99999,XILIN HOT,CH,,,+43.950,+116.117,+1004.0,19560820,20230630
541150,99999,LINXI,CH,,,+43.633,+118.033,+0825.4,19560820,20230630
541250,99999,BOGUS CHINESE,CH,,,+00.000,+000.000,-0999.0,19801007,20020609
541340,99999,KAILU,CH,,,+43.617,+121.317,+0274.0,19570601,19971231
541350,99999,TONGLIAO,CH,,,+43.600,+122.267,+0180.0,19560820,20230630
541420,99999,WO-HU-TUN,CH,,,+43.700,+123.600,+0183.0,19570601,19971231
541450,99999,CHENG-CHIZ-T'UN,CH,,,+43.500,+123.500,+0183.0,19800402,20011114
541570,99999,SIPING,CH,,,+43.183,+124.333,+0167.0,19560820,20230630
541580,99999,BOGUS CHINESE,CH,,,+00.000,+000.000,-0999.0,19801003,20020411
541610,99999,LONGJIA,CH,,ZYCC,+43.996,+125.681,+0215.2,19560820,20230630
541611,99999,TAIPING,CH,,ZYHB,+45.623,+126.250,+0139.3,20040713,20230630
541720,99999,JILIN,CH,,,+43.850,+126.550,+0188.0,19570601,19971228
541810,99999,JIAOHE SOUTH,CH,,,+43.717,+127.150,+0275.0,19560820,19611031
541860,99999,DUNHUA,CH,,,+43.367,+128.200,+0525.0,19570601,20230630
541920,99999,LUO-ZI-GOU,CH,,,+43.717,+130.317,+0500.0,19571201,20011225
541950,99999,WANG-CH'ING,CH,,,+43.317,+129.750,+0244.0,19890101,20070727
542070,99999,NAN-JUAN-ZI,CH,,,+42.300,+115.683,+1524.0,19740426,20030130
542080,99999,DUOLUN,CH,,,+42.183,+116.467,+1247.0,19560820,20230630
542130,99999,WUDAN/ONGNIUD QI,CH,,,+42.967,+119.033,+0634.0,19570601,19971213
542180,99999,CHIFENG,CH,,,+42.300,+118.833,+0567.0,19560820,20230630
542260,99999,BUGT,CH,,,+42.333,+120.700,+0401.0,19570601,20230630
542350,99999,HA-ERH-T'AO,CH,,,+42.500,+122.133,+0183.0,19731006,20021121
542360,99999,ZHANGWU,CH,,,+42.417,+122.533,+0084.0,19560820,20230630
542370,99999,FUXIN,CH,,,+42.000,+121.633,+0182.0,19570601,19971231
542590,99999,QINGYUAN,CH,,,+42.067,+124.867,+0230.0,19570601,20230630
542660,99999,MEIHEKOU WEST,CH,,,+42.517,+125.633,+0326.0,19560820,19611031
542730,99999,HUADIAN,CH,,,+42.983,+126.750,+0264.0,19570601,20230630
542740,99999,HUI-NAN-ZHEN,CH,,,+00.000,+000.000,-0999.0,19800418,20020429
542760,99999,JING-YU,CH,,,+00.000,+000.000,-0999.0,19570601,20020826
542840,99999,FUSONG,CH,,,+42.333,+127.283,+0610.0,19610801,19971231
542850,99999,LUSHUIHE,CH,,,+42.517,+127.800,+0853.0,19580101,20070727
542870,99999,SONGJIANGHE,CH,,,+42.167,+127.500,+0975.0,19610801,19971022
542920,99999,YANJI,CH,,,+42.883,+129.500,+0178.0,19560820,20230630
543080,99999,FENGNING,CH,,,+41.200,+116.633,+0661.0,19570601,20230630
543110,99999,WEICHANG,CH,,,+41.933,+117.750,+0844.0,19560820,20230630
543240,99999,CHAOYANG,CH,,,+41.550,+120.450,+0176.0,19570302,20230630
543260,99999,CHAOYANG AIRFIELD,CH,,,+41.583,+120.433,+0152.0,19570601,20020603
543350,99999,GOUBANGZI,CH,,,+41.383,+121.800,+0025.0,19570601,19971231
543360,99999,TAI-AN/SOUTHEAST,CH,,,+00.000,+000.000,-0999.0,19740304,20020414
543370,99999,JINZHOU,CH,,,+41.133,+121.117,+0070.0,19560820,20230630
543380,99999,PAN-SHAN,CH,,,+00.000,+000.000,-0999.0,19740910,20151103
543390,99999,ANSHAN,CH,,,+41.133,+122.983,+0017.0,19570601,19971231
543420,99999,SHENYANG,CH,,ZYYY,+41.733,+123.517,+0043.0,19560820,20230630
543424,99999,TAOXIAN,CH,,ZYTX,+41.640,+123.483,+0060.4,19920701,20230630
543430,99999,FU-SHUN,CH,,,+00.000,+000.000,-0999.0,19740617,20030318
543460,99999,BENXI,CH,,,+41.317,+123.783,+0185.0,19570601,20230630
543510,99999,DA-HUO-FANG,CH,,,+41.883,+124.083,+0273.0,19610801,19971231
543630,99999,TONGHUA,CH,,,+41.717,+125.917,+0312.0,19570601,19971231
543650,99999,HUANREN,CH,,,+41.267,+125.367,+0204.0,19570601,19971231
543740,99999,LINJIANG,CH,,,+41.800,+126.917,+0381.0,19570401,20230630
543770,99999,JI'AN,CH,,,+41.150,+126.217,+0225.0,19560820,20230630
543780,99999,CHING-ZHI (?),CH,,,+00.000,+000.000,-0999.0,19800702,20020604
543860,99999,CHANGBAI,CH,,,+41.417,+128.183,+0775.0,19570601,20230630
544010,99999,ZHANGJIAKOU,CH,,,+40.783,+114.883,+0726.0,19560820,20230630
544050,99999,HUAILAI,CH,,,+40.417,+115.500,+0538.0,19560820,20230630
544060,99999,YEN-CHING /YEN-KING,CH,,,+40.467,+115.933,,19610110,19610228
544230,99999,CHENGDE,CH,,,+40.967,+117.917,+0423.0,19560820,20230630
544290,99999,ZUNHUA,CH,,,+40.200,+117.967,+0152.0,19570601,19971231
544360,99999,QINGLONG,CH,,,+40.400,+118.950,+0228.0,19570602,20230630
544490,99999,SHAN-HAI-GUAN,CH,,,+40.000,+119.750,+0027.0,19560820,19811228
544540,99999,SUIZHONG,CH,,,+40.350,+120.350,+0018.0,19730101,19971231
544550,99999,SHAHOUSUO,CH,,,+40.484,+120.567,+0010.0,19570601,19631231
544710,99999,YINGKOU,CH,,,+40.667,+122.200,+0004.0,19560820,20230630
544740,99999,BOGUS CHINESE,CH,,,+00.000,+000.000,-0999.0,19801002,20020119
544760,99999,BAIYANGGOU NW,CH,,,+40.350,+122.750,+0280.0,19570601,19590831
544770,99999,XIONG-YUE-CHENG,CH,,,+40.167,+122.133,+0001.0,19740503,20020717
544830,99999,CAOHEKOU,CH,,,+40.883,+123.900,+0235.0,19560820,19900414
544860,99999,SITAIZI,CH,,,+40.467,+123.967,+0126.0,19570601,19590831
544930,99999,KUANDIAN,CH,,,+40.717,+124.783,+0261.0,19560820,20230630
544970,99999,DANDONG,CH,,,+40.050,+124.333,+0014.0,19560820,20230630
544980,99999,APPROXIMATE LOCALE,CH,,,+40.117,+124.333,+0000.0,19731115,20020605
545010,99999,BOGUS CHINESE,CH,,,+00.000,+000.000,-0999.0,19801005,20021201
545110,99999,BEIJING - CAPITAL INTERNATIONAL AIRPORT,CH,,ZBAA,+40.080,+116.585,+0035.4,19451031,20230630
545120,99999,BEI-JING/NAN-YUAN,CH,,,+39.783,+116.383,+0040.0,19800701,20020209
545130,99999,BEI-JING/TONG-XIAN,CH,,,+39.817,+116.700,+0021.0,19800703,20010725
545170,99999,TS AN KANG,CH,,,+00.000,+000.000,-0999.0,19800707,20020619
545180,99999,BAXIAN,CH,,,+39.050,+116.400,+0008.0,19570601,19971231
545230,99999,YU-TIAN,CH,,,+00.000,+000.000,-0999.0,19740424,20011011
545270,99999,TIANJIN,CH,,,+39.100,+117.167,+0005.0,19560820,20230630
545273,99999,BINHAI,CH,,ZBTJ,+39.124,+117.346,+0003.0,19811125,20230630
545280,99999,TIAN-JIN/ZHANG-GUI,CH,,,+39.133,+117.350,+0003.0,19800702,20020911
545290,99999,CHAI-SHANG,CH,,,+00.000,+000.000,-0999.0,19731130,20020521
545340,99999,TANGSHAN,CH,,,+39.650,+118.100,+0029.0,19560820,20230630
545390,99999,LETING,CH,,,+39.433,+118.900,+0012.0,19570601,20230630
545430,99999,BOGUS CHINESE,CH,,,+00.000,+000.000,-0999.0,19740425,20020313
545630,99999,FUXIAN/WAFANGDIAN,CH,,,+39.633,+121.983,+0017.0,19570601,19971231
545640,99999,BOGUS CHINESE,CH,,,+00.000,+000.000,-0999.0,19740421,20020207
545750,99999,CHENGZITAN,CH,,,+39.500,+122.500,+0017.0,19570601,19590831
545770,99999,LU-DA/ZHENG-SHA-HE,CH,,,+39.267,+122.083,+0031.0,19800403,20191211
545840,99999,SHISHAN NORTHEAST,CH,,,+39.717,+123.067,+0017.0,19560820,19611031
545870,99999,HAIYANG DAO,CH,,,+39.050,+123.217,-0999.9,19570801,19971231
546020,99999,BAODING,CH,,,+38.733,+115.483,+0017.0,19560820,20230630
546060,99999,SUNING,CH,,,+38.433,+115.833,+0015.0,19570601,19590831
546140,99999,HE-JIAN,CH,,,+00.000,+000.000,-0999.0,19800403,20011222
546160,99999,CANGZHOU,CH,,,+38.333,+116.833,+0011.0,19560820,20011024
546180,99999,POTOU,CH,,,+38.083,+116.550,+0013.0,19971201,20230630
546230,99999,TANGGU,CH,,,+39.017,+117.600,+0004.0,19570601,19971231
546240,99999,HUANGHUA,CH,,,+38.383,+117.350,+0004.0,19620402,19971231
546250,99999,QI-KOU,CH,,,+00.000,+000.000,-0999.0,19570601,20020510
546260,99999,BOGUS CHINESE,CH,,,+00.000,+000.000,-0999.0,19801002,19850106
546350,99999,BOGUS CHINESE,CH,,,+00.000,+000.000,-0999.0,19801001,20011013
546430,99999,MOORED VESSEL,CH,,,+38.967,+119.950,+0006.0,19860501,19931229
546460,99999,MOORED VESSEL,CH,,,+38.350,+119.683,+0006.0,19881001,19971231
546530,99999,BOGUS CHINESE,CH,,,+00.000,+000.000,-0999.0,19801001,20020105
546560,99999,TUOJI ISLAND,CH,,,+38.167,+120.783,+0059.0,19570601,20020811
546620,99999,ZHOUSHUIZI,CH,,ZYTL,+38.966,+121.539,+0032.6,19560820,20230630
546630,99999,DA-SAN-SHAN ISLAND,CH,,,+38.883,+121.817,+0161.0,19800714,20020212
546800,99999,BOGUS CHINESE,CH,,,,,,19801001,19851228
547020,99999,WANG CHIA CHING,CH,,,+00.000,+000.000,-0999.0,19800703,20030403
547050,99999,NANGONG,CH,,,+37.367,+115.383,+0042.0,19610801,19971231
547070,99999,GUANG-ZUNG (?),CH,,,+00.000,+000.000,-0999.0,19740504,19820419
547130,99999,BOGUS CHINESE,CH,,,+00.000,+000.000,-0999.0,19801005,20060916
547140,99999,DEZHOU,CH,,,+37.433,+116.317,+0022.0,19560820,20020212
547150,99999,LINGXIAN,CH,,,+37.333,+116.567,+0019.0,19800701,20230630
547160,99999,LING HSIEN,CH,,,+00.000,+000.000,-0999.0,19740422,20020909
547230,99999,ZHAN-CHENG,CH,,,+00.000,+000.000,-0999.0,19731101,20020420
547250,99999,HUIMIN,CH,,,+37.500,+117.533,+0012.0,19560820,20230630
547260,99999,BIN-XIAN,CH,,,+00.000,+000.000,-0999.0,19731004,20020829
547360,99999,YONGAN,CH,,,+37.550,+118.733,+0006.0,19570601,19971231
547430,99999,NAME UNKNOWN,CH,,,+00.000,+000.000,-0999.0,19731005,20020801
547450,99999,CANG-SHANG,CH,,,+37.367,+119.900,+0001.0,19740426,19840408
547510,99999,CHANG DAO,CH,,,+37.933,+120.717,+0040.0,19860501,20230630
547530,99999,LONGKOU,CH,,,+37.617,+120.317,+0005.0,19570601,20230630
547560,99999,DA-XIN-DIAN,CH,,,+37.617,+120.900,+0100.0,19740426,20140503
547570,99999,APPROXIMATE LOCATIO,CH,,,+37.167,+120.167,+0000.0,19770801,20090621
547580,99999,LAI-YANG AFLD (?),CH,,,+36.967,+120.583,+0072.0,19740504,20020709
547630,99999,YANTAI,CH,,,+37.550,+121.400,+0025.0,19731108,20020520
547640,99999,FU-SHAN (?),CH,,,+00.000,+000.000,-0999.0,19731109,20020605
547650,99999,YANTAI NORTHEAST,CH,,,+37.550,+121.367,+0012.0,19560820,19611031
547720,99999,BOGUS CHINESE,CH,,,,,,19801004,20040628
547730,99999,BOGUS CHINESE,CH,,,,,,19801005,20020317
547740,99999,WEIHAI,CH,,,+37.450,+122.033,+0061.0,19570601,19971231
547760,99999,CHENGSHANTOU,CH,,,+37.400,+122.683,+0047.0,19570601,20230630
547900,99999,BOGUS CHINESE,CH,,,,,,19891001,19920529
548080,99999,XINXIAN,CH,,,+36.233,+115.667,+0038.0,19570601,20230630
548230,99999,JINAN/TSINAN,CH,,ZSTN,+36.683,+116.983,+0058.0,19560820,20230630
548260,99999,TAI SHAN,CH,,,+36.250,+117.100,+1536.0,19560820,20230630
548270,99999,TAI-AN,CH,,,+36.183,+117.133,+0155.0,19570601,20020413
548300,99999,LIN-ZI,CH,,,+36.867,+118.333,+0055.0,19570602,19971107
548360,99999,YIYUAN,CH,,,+36.183,+118.150,+0302.0,19610701,20230630
548430,99999,WEIFANG,CH,,,+36.767,+119.183,+0022.0,19560820,20230630
548460,99999,GAO-MI (?),CH,,,+36.383,+119.733,+0038.0,19800704,20011027
548520,99999,LAIYANG,CH,,,+36.983,+120.650,+0072.0,19570601,19971231
548525,99999,NANTONG,CH,,ZSNT,+32.020,+120.850,+0006.0,20050703,20200529
548530,99999,NANWU,CH,,,+00.000,+000.000,-0999.0,19731004,20020628
548570,99999,LIUTING,CH,,ZSQD,+36.266,+120.374,+0010.1,19560820,20230630
548580,99999,CANG-KOU,CH,,,+36.167,+120.367,+0010.0,19731110,20040126
548630,99999,HAIYANG,CH,,,+36.767,+121.167,+0064.0,19570601,20230630
548680,99999,QIAN-LI ISLAND,CH,,,+36.267,+121.383,+0018.0,19610801,20030211
548710,99999,SHIDAO,CH,,,+36.883,+122.417,+0079.0,19560820,19611031
548970,99999,BOGUS CHINESE,CH,,,,,,19860604,20020808
549060,99999,HEZE/CAOZHOU,CH,,,+35.250,+115.433,+0051.0,19560820,19970801
549070,99999,DING-TAO,CH,,,+35.067,+115.567,+0000.0,19800401,19820428
549090,99999,DINGTAO,CH,,,+35.083,+115.517,+0051.0,19950401,20230630
549150,99999,JI-NING,CH,,,+00.000,+000.000,-0999.0,19790702,20020713
549160,99999,YANZHOU,CH,,,+35.567,+116.850,+0053.0,19560820,20230630
549230,99999,MENG YIN,CH,,,+00.000,+000.000,-0999.0,19800706,20020617
549290,99999,FEZXZAN,CH,,,+35.250,+117.950,+0120.0,19980301,20230630
549360,99999,JUXIAN,CH,,,+35.550,+118.750,+0109.0,19570601,19971231
549380,99999,LINYI,CH,,,+35.050,+118.350,+0086.0,19570601,19971231
549450,99999,RIZHAO,CH,,,+35.433,+119.533,+0037.0,19570601,20230630
549460,99999,BOGUS CHINESE,CH,,,+00.000,+000.000,-0999.0,19800704,19831124
549480,99999,BOGUS CHINESE,CH,,,,,,19801003,20020615
549520,99999,FLASHING LIGHT,CH,,,+35.967,+120.483,+0025.0,19570601,20020609
552280,99999,SHIQUANHE,CH,,,+32.500,+080.083,+4280.0,19610701,20230630
552480,99999,LUMARINGBO,CH,,,+32.300,+084.050,+4420.0,19730313,19971231
552790,99999,BAINGOIN,CH,,,+31.367,+090.017,+4701.0,19570701,20230428
552940,99999,P'A-NA,CH,,,+32.267,+091.667,+4724.0,19801001,19971231
552990,99999,NAGQU,CH,,,+31.483,+092.067,+4508.0,19560820,20230630
553850,99999,BOGUS CHINESE,CH,,,+31.480,+092.060,-0999.0,20010717,20011008
554370,99999,T'U-KO-ERH-HO-KUNG,CH,,,+30.550,+081.433,+4736.0,19730313,19971231
554720,99999,XAINZA,CH,,,+30.950,+088.633,+4670.0,19600307,20230428
554880,99999,DEQEN SOUTH,CH,,,+30.333,+090.083,+5304.0,19591210,19620630
554930,99999,ZHA-TE-KE-TANG,CH,,,+30.733,+092.450,+4724.0,19630101,19971231
555690,99999,LHAZE,CH,,,+29.067,+087.683,+4237.0,19801001,19971231
555780,99999,XIGAZE,CH,,,+29.250,+088.883,+3837.0,19570701,20230630
555850,99999,BOGUS CHINESE,CH,,,+29.500,+090.250,-0999.0,19801027,19971231
555910,99999,LHASA,CH,,ZULS,+29.667,+091.133,+3650.0,19560820,20230630
555980,99999,NEDONG,CH,,,+29.233,+091.767,+3657.0,19591209,19971231
556560,99999,YALEP,CH,,,+28.383,+086.150,+5181.0,19800902,20020607
556640,99999,TINGRI,CH,,,+28.633,+087.083,+4300.0,19591210,20230630
556800,99999,GYANGZE,CH,,,+29.000,+089.633,+3657.0,19591209,19971231
556900,99999,CHE-KU,CH,,,+28.700,+091.633,+4336.0,19870311,19971231
556960,99999,LHUNZE,CH,,,+28.417,+092.467,+3861.0,19591209,20230428
557730,99999,PAGRI,CH,,,+27.733,+089.083,+4300.0,19560820,20230630
558210,99999,BOGUS CHINESE,CH,,,,,,19850301,19860921
560040,99999,TUOTUOHE,CH,,,+34.217,+092.433,+4535.0,19570701,20230630
560070,99999,AMDO NORTHEAST,CH,,,+33.417,+092.833,+4648.0,19591209,19620331
560160,99999,BIE-LI-XI-DU,CH,,,+34.100,+095.033,+4785.0,19730101,20030305
560180,99999,ZADOI,CH,,,+32.900,+095.300,+4068.0,19570701,20230630
560190,99999,BOGUS CHINESE,CH,,,+00.000,+000.000,-0999.0,19801001,20050522
560210,99999,QUMARLEB,CH,,,+34.133,+095.783,+4176.0,19570701,20230630
560230,99999,NAME/LOCATION UNKN,CH,,,+00.000,+000.000,-0999.0,19801001,19820330
560260,99999,BOGUS CHINESE,CH,,,+00.000,+000.000,-0999.0,19801005,20020308
560280,99999,BOGUS CHINESE,CH,,,+00.000,+000.000,-0999.0,19801009,20061017
560290,99999,YUSHU,CH,,,+33.017,+096.950,+3682.0,19560820,20230630
560295,99999,YUSHU BATANG AIRPORT,CH,,ZLYS,+32.817,+097.133,+3890.0,20100415,20150310
560310,99999,APPROXIMATE LOCALE,CH,,,+34.833,+097.467,+0000.0,19740809,20011017
560330,99999,MADOI,CH,,,+34.917,+098.217,+4273.0,19560820,20230630
560340,99999,QINGSHUI-HE,CH,,,+33.800,+097.133,+4419.0,19570701,19971231
560360,99999,CANG-DUO (?),CH,,,+00.000,+000.000,-0999.0,19731005,20020311
560380,99999,SHIQU,CH,,,+32.983,+098.100,+4114.0,19601001,19971231
560410,99999,UNKNOWN,CH,,,+34.500,+098.883,+4175.0,19600102,19971121
560420,99999,BOGUS CHINESE,CH,,,,,,19830705,19860420
560430,99999,BOGUS CHINESE,CH,,,,,,19910101,19970514
560440,99999,BOGUS CHINESE,CH,,,,,,19830728,20010921
560460,99999,DARLAG,CH,,,+33.750,+099.650,+3968.0,19560820,20230630
560570,99999,BOGUS CHINESE,CH,,,,,,19831201,19851123
560650,99999,HENAN,CH,,,+34.733,+101.600,+3501.0,19610901,20230630
560670,99999,JIGZHI,CH,,,+33.467,+101.483,+3350.0,19600706,19971231
560690,99999,BOGUS CHINESE,CH,,,+00.000,+000.000,-0999.0,19801001,20020814
560700,99999,BOGUS CHINESE,CH,,,+00.000,+000.000,-0999.0,19740504,20031203
560740,99999,GA-HAI,CH,,,+34.200,+102.300,+3109.0,19890101,19970514
560750,99999,LANG-MU-SI,CH,,,+34.100,+102.617,+3565.0,19570630,20020704
560760,99999,XAGDOMBA EAST,CH,,,+34.100,+102.900,+3330.0,19740518,19741025
560790,99999,RUO'ERGAI,CH,,,+33.583,+102.967,+3441.0,19591209,20230630
560800,99999,HEZUO,CH,,,+35.000,+102.900,+2910.0,19580506,20230630
560850,99999,DENGKAGOIN,CH,,,+34.040,+103.333,+3166.0,19731005,19740924
560860,99999,BOGUS CHINESE,CH,,,+00.000,+000.000,-0999.0,19801006,19850321
560890,99999,BAI-GU-SI,CH,,,+00.000,+000.000,-0999.0,19730102,20020713
560900,99999,BOGUS CHINESE,CH,,,,,,19801001,19850322
560930,99999,WU-SHAN,CH,,,+34.717,+104.883,+1371.0,19560820,19971231
560960,99999,WUDU,CH,,,+33.400,+104.917,+1079.0,19560820,20230630
560970,99999,YUNG-FENG-HSIANG N,CH,,,+33.033,+104.117,+2712.0,19591209,19610327
561060,99999,SOG XIAN,CH,,,+31.883,+093.783,+4024.0,19570701,20230428
561070,99999,TANGGO WEST,CH,,,+31.550,+092.867,+4185.0,19731108,19740920
561160,99999,DENGQEN,CH,,,+31.417,+095.600,+3874.0,19560820,20230630
561250,99999,NANGQEN,CH,,,+32.250,+096.217,+4145.0,19591203,20210613
561260,99999,BOGUS CHINESE,CH,,,+00.000,+000.000,-0999.0,19801002,19841215
561270,99999,BOGUS CHINESE,CH,,,+00.000,+000.000,-0999.0,19801001,20011203
561320,99999,GAO-RIK,CH,,,+32.500,+097.933,+3657.0,19591209,20220314
561370,99999,QAMDO,CH,,,+31.150,+097.167,+3307.0,19560820,20230630
561380,99999,QING-NI-DONG (?),CH,,,+00.000,+000.000,-0999.0,19731005,20020529
561430,99999,DARCANG WEST,CH,,,+32.783,+099.917,+4147.0,19600201,19610227
561440,99999,DEGE,CH,,,+31.733,+098.567,+3201.0,19570701,20230630
561460,99999,GARZE,CH,,,+31.617,+100.000,+3394.0,19560820,20230630
561470,99999,CHUN-LUO-SI,CH,,,+00.000,+000.000,-0999.0,19740422,20020127
561510,99999,LUO-XUE,CH,,,+32.567,+100.583,+3505.0,19730101,19971107
561520,99999,SERTAR,CH,,,+32.283,+100.333,+3896.0,19610105,20230630
561560,99999,BOGUS CHINESE,CH,,,,,,19801001,20020815
561570,99999,BOGUS CHINESE,CH,,,,,,19801005,20020521
561670,99999,DAWU,CH,,,+30.983,+101.117,+2959.0,19790701,20230630
561710,99999,A-BA,CH,,,+32.917,+101.700,+3170.0,19570701,20020717
561720,99999,BARKAM,CH,,,+31.900,+102.233,+2666.0,19560820,20230630
561730,99999,MA-TANG,CH,,,+31.850,+102.700,+3422.0,19730101,19971231
561780,99999,XIAO-JIN,CH,,,+31.017,+102.367,+2426.0,19560820,19971231
561820,99999,SONGPAN,CH,,,+32.667,+103.600,+2882.5,19560820,20230630
561830,99999,ZHENJIANGGUAN,CH,,,+32.333,+103.733,+2697.0,19560820,19750514
561870,99999,WENJIANG,CH,,,+30.750,+103.867,+0541.0,20050101,20230630
561880,99999,WENCHUAN,CH,,,+31.483,+103.583,+2042.0,19591209,19971231
561920,99999,BOGUS CHINESE,CH,,,,,,19801003,20020310
561930,99999,PINGWU,CH,,,+32.417,+104.517,+0894.0,19570701,19971231
561940,99999,BOGUS CHINESE,CH,,,,,,19801002,20020615
561960,99999,MIANYANG,CH,,,+31.450,+104.733,+0522.0,19591209,20230630
562020,99999,JIA-LI,CH,,,+30.783,+093.400,+4876.0,19591209,20120429
562270,99999,CHING-TO EAST,CH,,,+30.100,+095.783,+5108.0,19560820,19570531
562370,99999,BANG-DA,CH,,,+00.000,+000.000,-0999.0,19800701,19850907
562470,99999,BATANG,CH,,,+30.000,+099.100,+2589.0,19560820,20230630
562510,99999,XINLONG/NYAGRONG,CH,,,+30.967,+100.200,+3500.0,19591209,19971231
562570,99999,LITANG,CH,,,+30.000,+100.267,+3950.0,19560820,20230630
562650,99999,QIAN-NING,CH,,,+30.500,+101.483,+3452.0,19570701,19840611
562870,99999,YA'AN,CH,,,+29.983,+103.000,+0629.0,19560820,20230630
562940,99999,SHUANGLIU,CH,,ZUUU,+30.579,+103.947,+0495.3,19560820,20230630
562950,99999,CHIEN YANG,CH,,,+00.000,+000.000,-0999.0,19800701,20100531
562970,99999,REN-SHOU,CH,,,+30.000,+104.133,+0610.0,19740806,20011204
562980,99999,ZIYANG SOUTHWEST,CH,,,+30.117,+104.617,+0383.0,19591201,19610227
563120,99999,NYINGCHI,CH,,,+29.567,+094.467,+3001.0,19560820,20230630
563150,99999,DABBA SOUTHWEST,CH,,,+29.033,+100.167,+4553.0,19570701,19631231
563470,99999,ZEN-YAN (?),CH,,,+00.000,+000.000,-0999.0,19731112,19860127
563570,99999,DAOCHENG,CH,,,+29.050,+100.300,+3729.0,19640101,20230630
563740,99999,KANGDING,CH,,,+30.050,+101.967,+2617.0,19570701,20230630
563750,99999,HAN-YUAN-JIE,CH,,,+00.000,+000.000,-0999.0,19731004,20011029
563760,99999,HAN-YUAN-CHIEH EAST,CH,,,+29.583,+102.717,+2209.0,19601001,19610227
563840,99999,E-BIAN,CH,,,+00.000,+000.000,-0999.0,19731004,20011104
563850,99999,EMEI SHAN,CH,,,+29.517,+103.333,+3049.0,19560820,20230630
563860,99999,LESHAN,CH,,,+29.567,+103.767,+0440.0,19591209,19971231
564410,99999,BAME NORTHWEST,CH,,,+28.883,+098.583,+4413.0,19600101,19641231
564440,99999,DEQEN,CH,,,+28.450,+098.883,+3320.0,19560820,20230630
564590,99999,TU-ZHA,CH,,,+28.150,+100.933,+2743.0,19591209,19971231
564620,99999,JIULONG,CH,,,+29.000,+101.500,+2994.0,19560820,20230630
564625,99999,DAYONG,CH,,ZGDY,+29.133,+100.483,+0900.0,20071010,20230515
564720,99999,GAN-LUO,CH,,,+00.000,+000.000,-0999.0,19790705,20020613
564740,99999,MIAN-NING,CH,,,+00.000,+000.000,-0999.0,19800701,20040630
564750,99999,YUEXE,CH,,,+28.617,+102.600,+1736.0,19570701,19971231
564790,99999,JIAGU NORTH,CH,,,+28.217,+103.000,+1892.0,19591209,19610227
564850,99999,HU-JIA-PU-ZIIA,CH,,,+28.517,+103.617,+1485.0,19570701,19971231
564920,99999,YIBIN,CH,,,+28.800,+104.600,+0342.0,19440229,20230630
564940,99999,PING-SHAN (?),CH,,,+00.000,+000.000,-0999.0,19800701,20020418
565330,99999,LA-WAN,CH,,,+27.683,+098.350,+3352.0,19591209,19971231
565430,99999,ZHONGDIAN,CH,,,+27.700,+099.700,+3001.0,19591209,19971231
565480,99999,WEIXI,CH,,,+27.217,+099.317,+2743.0,19570701,19971231
565610,99999,DA-CUN,CH,,,+00.000,+000.000,-0999.0,19740425,19840728
565620,99999,BOGUS CHINESE,CH,,,+00.000,+000.000,-0999.0,19731004,19840628
565650,99999,YANYUAN,CH,,,+27.433,+101.533,+2591.0,19591209,19971231
565710,99999,XICHANG,CH,,,+27.900,+102.267,+1599.0,19440325,20230630
565760,99999,ZHAO-ZI-BA,CH,,,+27.600,+102.850,+2347.0,19730101,20020316
565770,99999,BOGUS CHINESE,CH,,,,,,19890501,20020801
565810,99999,TIAN-DI-BA,CH,,,+00.000,+000.000,-0999.0,19790701,20020518
565860,99999,ZHAOTONG,CH,,,+27.333,+103.750,+1950.0,19450107,20230630
566510,99999,LIJING,CH,,,+26.833,+100.217,+2382.0,19440131,20230630
566520,99999,BOGUS CHINESE,CH,,,,,,19890108,20011224
566640,99999,LA-SHI,CH,,,+26.367,+101.217,+1210.0,19591209,19971231
566710,99999,HUILI,CH,,,+26.650,+102.250,+1788.0,19560820,20230630
566740,99999,OGUS CHINESE,CH,,,+00.000,+000.000,-0999.0,19731022,20011113
566810,99999,APPROXIMATE LOCALE,CH,,,+26.833,+103.167,+0000.0,19801001,20020524
566840,99999,HUIZE,CH,,,+26.400,+103.250,+2189.3,19570701,20230630
566910,99999,WEINING,CH,,,+26.867,+104.283,+2236.0,19570701,20230630
567380,99999,MENG-KA,CH,,,+25.217,+097.867,+2134.0,19740112,19890830
567390,99999,TENGCHONG,CH,,,+24.983,+098.500,+1696.9,19570701,20230630
567410,99999,LIU-KU,CH,,,+25.783,+098.850,+2377.0,19591209,19971231
567450,99999,SHAN-YAN-ZHEN,CH,,,+00.000,+000.000,-0999.0,19800302,19841103
567480,99999,BAOSHAN,CH,,,+25.117,+099.183,+1649.0,19440326,20230630
567510,99999,DALI,CH,,,+25.700,+100.183,+1992.0,19431130,20230630
567630,99999,YUANMOU,CH,,,+25.733,+101.867,+1120.0,19560820,20230428
567680,99999,CHUXIONG,CH,,,+25.017,+101.517,+1820.0,19440131,20230428
567760,99999,APPROXIMATE LOCALE,CH,,,+25.633,+102.967,+0000.0,19731113,20011229
567770,99999,JINSHAN NORTH,CH,,,+25.150,+102.083,+1580.0,19740421,19741202
567780,99999,WUJIABA,CH,,ZPPP,+24.992,+102.744,+1894.9,19420713,20230630
567860,99999,ZHANYI,CH,,,+25.583,+103.833,+1900.0,19440109,20230630
567930,99999,PU-AN,CH,,,+25.783,+104.950,+2133.0,19591209,19971231
568380,99999,RUILI,CH,,,+24.000,+097.850,+0776.0,19591209,20230630
568390,99999,LU-XI,CH,,,+24.283,+098.467,+1524.0,19740730,20020222
568560,99999,JING-DONG,CH,,,+24.433,+100.850,+1676.0,19591209,19971231
568750,99999,YUXI,CH,,,+24.450,+102.567,+1677.0,19591209,19971231
568850,99999,MI-LE (?),CH,,,+24.400,+103.433,+1402.0,19730102,20020124
568860,99999,LUXI,CH,,,+24.533,+103.767,+1708.0,19591209,20230630
569150,99999,NAME/LOCATION UNKN,CH,,,+00.000,+000.000,-0999.0,19801005,20010820
569160,99999,NAME/LOCATION UNKN,CH,,,+00.000,+000.000,-0999.0,19801001,20020303
569420,99999,MENG-SA,CH,,,+23.717,+099.633,+1524.0,19800313,20020327
569450,99999,MENGDING,CH,,,+23.567,+099.083,+0512.0,19591209,19900405
569460,99999,GENGMA,CH,,,+23.550,+099.400,+1104.0,19900101,20230630
569510,99999,LINCANG,CH,,,+23.950,+100.217,+1503.0,19560820,20230630
569540,99999,LANCANG,CH,,,+22.567,+099.933,+1054.0,19570701,20230630
569590,99999,JINGHONG,CH,,,+22.000,+100.783,+0579.0,19570701,20230630
569640,99999,SIMAO,CH,,,+22.767,+100.983,+1303.0,19440516,20230630
569650,99999,MENG-WANG,CH,,,+22.483,+101.300,+0975.0,19740302,20020323
569660,99999,YUANJIANG,CH,,,+23.600,+101.983,+0398.0,19560820,20230630
569690,99999,MENGLA,CH,,,+21.500,+101.583,+0633.0,19730101,20230630
569750,99999,YI-SHA,CH,,,+23.317,+102.367,+1215.0,19731006,20020912
569770,99999,JIANGCHENG,CH,,,+22.617,+101.817,+1121.0,19730101,20230630
569790,99999,JIE-JIE,CH,,,+00.000,+000.000,-0999.0,19731004,19831223
569820,99999,KAI-YUAN,CH,,,+00.000,+000.000,-0999.0,19800402,20021030
569830,99999,BING-YUAN-JIE,CH,,,+23.700,+103.833,+1524.0,19800701,20020529
569850,99999,MENGZI,CH,,,+23.450,+103.333,+1313.6,19450228,20230630
569860,99999,DEHOUJIE,CH,,,+23.583,+103.867,+1423.0,19800701,19971231
569870,99999,BOGUS CHINESE,CH,,,,,,19801001,19841230
569880,99999,BOGUS CHINESE,CH,,,,,,19801002,19840614
569890,99999,HE-KOU,CH,,,+22.500,+103.950,+1363.0,19560820,20020927
569940,99999,WENSHAN,CH,,,+23.367,+104.383,+1278.0,19591204,19971231
569950,99999,BANG-O-JIE,CH,,,+00.000,+000.000,-0999.0,19731008,20011201
569990,99999,MALIPO SOUTHEAST,CH,,,+23.133,+104.700,+1057.0,19731111,19750421
570050,99999,BOGUS CHINESE,CH,,,+00.000,+000.000,-0999.0,19801001,20050813
570060,99999,TIANSHUI,CH,,,+34.583,+105.750,+1143.0,19560820,19971231
570070,99999,HSI-LI SOUTH,CH,,,+34.100,+105.033,+1505.0,19731108,19741003
570140,99999,BEIDAO,CH,,,+34.570,+105.870,+1086.0,20050101,20230630
570160,99999,BAOJI,CH,,,+34.350,+107.133,+0610.0,19560820,19971231
570230,99999,CUI-MU,CH,,,+34.800,+107.867,+0914.0,19610901,20050423
570250,99999,FENGXIANG,CH,,,+34.517,+107.383,+0781.0,20050502,20230630
570260,99999,APPROXIMATE LOCALE,CH,,,+34.483,+107.950,+0000.0,19740422,20020322
570270,99999,BOGUS CHINESE,CH,,,,,,19850503,20040704
570340,99999,QIAN-XIAN,CH,,,+34.533,+108.233,+0335.0,19620302,19970529
570360,99999,XIANYANG,CH,,ZLXY,+34.447,+108.752,+0479.1,19560820,20230630
570460,99999,HUA SHAN,CH,,,+34.483,+110.083,+2063.0,19560820,20230630
570510,99999,BUCHANG SOUTHEAST,CH,,,+34.833,+110.167,+0332.0,19570616,19590831
570630,99999,MIAN-CHI,CH,,,+00.000,+000.000,-0999.0,19800402,20040104
570670,99999,LUSHI,CH,,,+34.083,+111.067,+0659.5,19560820,20230630
570680,99999,BOGUS CHINESE,CH,,,+00.000,+000.000,-0999.0,19740421,20020722
570710,99999,MENGJIN,CH,,,+34.817,+112.433,+0333.0,19830701,20230630
570720,99999,JIUMENGJIN,CH,,,+34.817,+112.633,+0119.0,19570601,19580831
570730,99999,LUO-YANG,CH,,,+34.667,+112.417,+0155.0,19560820,20040728
570770,99999,TIEN-HU,CH,,,+34.150,+112.100,+0753.0,19610801,19971231
570780,99999,LYANG,CH,,,+34.150,+112.467,+0400.0,19740423,20020617
570830,99999,XINZHENG,CH,,ZHCC,+34.520,+113.841,+0150.9,19570601,20230630
570890,99999,XUCHANG,CH,,,+34.000,+113.967,+0072.0,19570401,19971031
570910,99999,KAIFENG,CH,,,+34.750,+114.417,+0067.0,19570602,19971231
570930,99999,NAO-KAO,CH,,,+00.000,+000.000,-0999.0,19790702,20020324
571020,99999,MING-YANG-CHEN,CH,,,+33.817,+105.617,+1524.0,19731111,20040426
571060,99999,CHENG-XIAN,CH,,,+33.750,+105.750,+1128.0,19560820,19971231
571270,99999,HANZHONG,CH,,,+33.067,+107.033,+0509.0,19560820,20230630
571280,99999,YANG-XIAN,CH,,,+00.000,+000.000,-0999.0,19731005,20021013
571300,99999,NINGSHAN NORTHEAST,CH,,,+33.333,+108.333,+0875.0,19600612,19610228
571310,99999,JINGHE,CH,,,+34.433,+108.967,+0411.0,20061010,20230630
571340,99999,WEN-HUANG-PING,CH,,,+33.450,+108.250,+0548.0,19570601,19971231
571370,99999,SHI-QUAN,CH,,,+00.000,+000.000,-0999.0,19740613,20040430
571430,99999,SHANGXIAN,CH,,,+33.917,+109.950,+0748.0,19620302,19970514
571440,99999,CHEN-AN,CH,,,+33.417,+109.150,+0610.0,19591209,19971231
571500,99999,APPROXIMATE LOCALE,CH,,,+33.483,+110.433,+0000.0,19740421,20020515
571560,99999,SHANG-NAN,CH,,,+33.533,+110.883,+0914.0,19570601,19971129
571730,99999,LUSHAN EAST,CH,,,+33.733,+112.917,+0125.0,19731108,19740923
571780,99999,NANYANG,CH,,,+33.100,+112.483,+0181.6,19560820,20230630
571810,99999,JIAXIAN,CH,,,+33.967,+113.217,+0076.0,19570601,19971231
571880,99999,APPROXIMATE LOCALE,CH,,,+33.233,+113.467,+0000.0,19731111,20020719
571890,99999,YUSHAN SOUTH,CH,,,+33.150,+113.817,+0058.0,19560820,19581031
571930,99999,XIHUA,CH,,,+33.783,+114.517,+0053.0,19560820,20230630
571970,99999,SHANG-CAI,CH,,,+00.000,+000.000,-0999.0,19800701,20050929
572030,99999,WU-TONG-YUAN,CH,,,+32.817,+105.700,+0700.0,19740421,20020503
572060,99999,GUANG-YUAN,CH,,,+32.433,+105.800,+0487.0,19560820,19841226
572070,99999,YAN-MEN-BA (?),CH,,,+00.000,+000.000,-0999.0,19740425,20060301
572080,99999,ZHAO-HUA,CH,,,+32.333,+105.683,+0675.0,19731018,20040924
572210,99999,YU-SHU-MTHO (?),CH,,,+00.000,+000.000,-0999.0,19740422,20020918
572320,99999,HAN-YIN,CH,,,+32.900,+108.517,+0457.0,19620302,19970612
572370,99999,WANYUAN,CH,,,+32.067,+108.033,+0674.0,19560820,20230630
572380,99999,JAN-CHIA-PA,CH,,,+32.100,+108.483,+1372.0,19730101,20020817
572450,99999,ANKANG,CH,,,+32.717,+109.033,+0291.0,19560820,20230630
572510,99999,BAIHE,CH,,,+32.767,+110.117,+0610.0,19740423,19971231
572530,99999,YUN-XIAN,CH,,,+32.800,+110.800,+0100.0,19570601,19891014
572550,99999,BOGUS CHINESE,CH,,,+00.000,+000.000,-0999.0,19801002,20050313
572590,99999,FANGXIAN,CH,,,+32.033,+110.767,+0435.0,19591101,20230630
572650,99999,LAOHEKOU,CH,,,+32.433,+111.733,+0128.8,19560820,20230630
572780,99999,APPROXIMATE LOCALE,CH,,,+32.317,+112.633,+0000.0,19731007,20070727
572790,99999,ZAOYANG,CH,,,+32.150,+112.667,+0127.0,19570602,20230630
572900,99999,ZHUMADIAN,CH,,,+32.933,+113.917,+0107.2,19581105,20230630
572970,99999,XINYANG,CH,,,+32.133,+114.050,+0115.0,19560820,20230630
572980,99999,LUO-SHAN,CH,,,+32.217,+114.533,+0075.0,19730519,20020822
572990,99999,BOGUS CHINESE,CH,,,+00.000,+000.000,-0999.0,19740421,20050805
573060,99999,LANGZHONG,CH,,,+31.583,+105.967,+0385.0,19591208,20230630
573070,99999,SANTAI,CH,,,+31.083,+105.083,+0385.0,19740112,19741128
573130,99999,BAZHONG,CH,,,+31.900,+106.700,+0360.0,19570701,19971231
573210,99999,APPROXIMATE LOCALE,CH,,,+31.883,+107.083,+0000.0,19740425,20020605
573270,99999,YONG-XING,CH,,,+00.000,+000.000,-0999.0,19740425,20170529
573280,99999,DA XIAN,CH,,,+31.200,+107.500,+0344.0,19560820,20230630
573450,99999,WU-XI (?),CH,,,+00.000,+000.000,-0999.0,19740421,20011120
573470,99999,BOGUS CHINESE,CH,,,+00.000,+000.000,-0999.0,19731008,20020107
573480,99999,FENGJIE,CH,,,+31.017,+109.533,+0303.0,19560820,20230630
573550,99999,SHIH-PU-SA NORTH,CH,,,+31.667,+110.367,+2182.0,19591103,19591229
573650,99999,BOGUS CHINESE,CH,,,+00.000,+000.000,-0999.0,19740611,20020101
573670,99999,APPROXIMATE LOCALE,CH,,,+31.167,+111.167,+0000.0,19740514,20020322
573770,99999,WU-JIA-CHI(CHI-AFB),CH,,,+31.117,+112.400,+0198.0,19740421,20020528
573780,99999,ZHONGXIANG,CH,,,+31.167,+112.633,+0108.9,19560820,20230630
573790,99999,BOGUS CHINESE,CH,,,+00.000,+000.000,-0999.0,19740621,20020705
573850,99999,SUIZHOU,CH,,,+31.717,+113.367,+0061.0,19610901,19971231
573940,99999,YINGSHAN NORTH,CH,,,+31.617,+113.817,+0106.0,19570602,19610831
573980,99999,HONG-AN,CH,,,+00.000,+000.000,-0999.0,19740421,19840527
573990,99999,MACHENG,CH,,,+31.133,+114.950,+0075.2,19570601,20230630
574050,99999,SUINING,CH,,,+30.500,+105.583,+0300.0,19591202,19971231
574060,99999,BOGUS CHINESE,CH,,,+00.000,+000.000,-0999.0,19731108,19840921
574110,99999,GAOPING,CH,,,+30.750,+106.133,+0347.0,19560820,20230630
574240,99999,BOGUS CHINESE,CH,,,,,,19840101,20020529
574260,99999,LIANGPING,CH,,,+30.683,+107.800,+0455.0,19560820,20230630
574280,99999,BOGUS CHINESE,CH,,,+00.000,+000.000,-0999.0,19740429,20020227
574320,99999,WANXIAN,CH,,,+30.800,+108.350,+0299.0,19591209,19971231
574370,99999,ZHONG-XIAN (?),CH,,,+00.000,+000.000,-0999.0,19740601,20010712
574450,99999,APPROXIMATE LOCALE,CH,,,+30.600,+109.533,+0000.0,19731108,20070727
574470,99999,ENSHI,CH,,,+30.283,+109.467,+0458.0,19450331,20230630
574480,99999,EN-SHI (CHI-AFB),CH,,,+30.300,+109.483,+0457.0,19740421,20020615
574500,99999,ZIGUI,CH,,,+31.017,+110.700,+0442.0,19900401,20000216
574510,99999,LU-CONG-PO,CH,,,+30.783,+110.267,+1188.0,19570601,19971231
574570,99999,GUAN-DIAN-GOU (?),CH,,,+00.000,+000.000,-0999.0,19740421,20020930
574580,99999,WU-FENG,CH,,,+30.200,+110.667,+0915.0,19570601,19971231
574610,99999,YICHANG,CH,,,+30.733,+111.367,+0257.7,19560820,20230630
574620,99999,YI-CHANG (CHI-AFB),CH,,,+30.683,+111.450,+0107.0,19730101,20020703
574660,99999,JIANG-KOU (?),CH,,,+00.000,+000.000,-0999.0,19740425,20020425
574720,99999,SHA-YANG (?),CH,,,+00.000,+000.000,-0999.0,19740425,20020825
574760,99999,JIANGLING,CH,,,+30.333,+112.183,+0033.0,19570601,20230630
574770,99999,SHA-SHI (?),CH,,,+00.000,+000.000,-0999.0,19731004,20020819
574780,99999,YANG-JIA-CHANG,CH,,,+00.000,+000.000,-0999.0,19740615,20020523
574830,99999,FENSUIZUI NORTH,CH,,,+30.650,+113.650,+0030.0,19570601,19610324
574940,99999,TIANHE,CH,,ZHHH,+30.784,+114.208,+0034.4,19560820,20230630
574941,99999,SANYA PHOENIX INTL,CH,,ZJSY,+18.303,+109.412,+0028.0,20040713,20230630
575030,99999,NEIJIANG,CH,,,+29.617,+105.117,+0349.0,20030330,20230630
575040,99999,NEIJIANG,CH,,,+29.583,+105.050,+0357.0,19560820,19971231
575060,99999,DA-ZU,CH,,,+29.633,+105.767,+0305.0,19740423,20020415
575150,99999,CHONG-QING,CH,,,+29.517,+106.483,+0351.0,19560820,19870114
575160,99999,JIANGBEI,CH,,ZUCK,+29.719,+106.642,+0416.1,19441111,20230630
575220,99999,FOU-LING,CH,,,+29.717,+107.400,+0275.0,19591209,19971231
575250,99999,XIANG-GOU,CH,,,+00.000,+000.000,-0999.0,19740613,19840131
575270,99999,NAN-CHUAN (?),CH,,,+00.000,+000.000,-0999.0,19740422,20020529
575320,99999,WEN-TOU,CH,,,+29.867,+108.567,+0610.0,19800803,20050722
575370,99999,PENG-SHUI,CH,,,+29.250,+108.167,+0314.9,19570701,19740831
575450,99999,LAIFENG,CH,,,+29.533,+109.383,+0561.0,19450430,19971231
575540,99999,SANGZHI,CH,,,+29.400,+110.167,+0322.0,19591101,20230630
575570,99999,SHA-DI-QI,CH,,,+29.050,+110.133,+0455.0,19800311,20021225
575620,99999,SHI-MEN,CH,,,+29.583,+111.300,+0091.0,19591102,19971231
575640,99999,CI-LI,CH,,,+00.000,+000.000,-0999.0,19740518,19830528
575690,99999,CHANG-DE (?),CH,,,+00.000,+000.000,-0999.0,19740601,20020307
575720,99999,ZHI-ZHOU,CH,,,+29.733,+112.300,+0076.0,19790903,20020605
575730,99999,JIAN-LI,CH,,,+29.817,+112.883,+0027.0,19740805,20011003
575740,99999,ANXIANG,CH,,,+29.433,+112.183,+0028.0,19591101,19971231
575760,99999,NAN XIAN SOUTH,CH,,,+29.333,+112.417,+0031.0,19570601,19580731
575830,99999,PUQI,CH,,,+29.717,+113.883,+0061.0,19570603,19971231
575840,99999,YUEYANG,CH,,,+29.383,+113.083,+0052.0,19560820,20230630
575940,99999,CHONG-YANG (?),CH,,,+00.000,+000.000,-0999.0,19800705,20020822
575970,99999,MA-AO (?),CH,,,+00.000,+000.000,-0999.0,19740426,20020621
575980,99999,XIUSHUI,CH,,,+29.033,+114.583,+0147.0,19560820,20230630
575990,99999,BOGUS CHINESE,CH,,,+00.000,+000.000,-0999.0,19731202,19850302
576020,99999,LUZHOU,CH,,,+28.883,+105.433,+0336.0,19450630,19971231
576040,99999,NAXI,CH,,,+28.783,+105.383,+0364.0,20030330,20230630
576060,99999,CH'IH-SHUI HO,CH,,,+28.483,+105.933,+0977.0,19570701,19971231
576070,99999,DA-BA,CH,,,+00.000,+000.000,-0999.0,19740613,20020911
576080,99999,XUYONG/YONGNING,CH,,,+28.217,+105.433,+0366.0,19591209,19971231
576140,99999,CHIU-HSI-SHUI SOUTH,CH,,,+28.567,+106.083,+0289.0,19600201,19610222
576220,99999,JINFO SHAN (MOUNT),CH,,,+28.950,+107.150,+1907.0,19560820,20020613
576230,99999,CHEN-NAN,CH,,,+00.000,+000.000,-0999.0,19740425,20020410
576320,99999,CHANG-PU-QI,CH,,,+00.000,+000.000,-0999.0,19740421,20020622
576330,99999,YOUYANG,CH,,,+28.833,+108.767,+0665.0,19560820,20230630
576450,99999,HUA-YUAN,CH,,,+00.000,+000.000,-0999.0,19740425,20020406
576460,99999,APPROXIMATE LOCALE,CH,,,+28.500,+109.833,+0000.0,19740423,20020927
576490,99999,QIAN-ZHOU-ZHEN,CH,,,+28.267,+109.683,+0560.0,19600101,19971231
576530,99999,BOGUS CHINESE,CH,,,+00.000,+000.000,-0999.0,19740421,19840602
576550,99999,YUANLING,CH,,,+28.467,+110.400,+0143.0,19560820,20230630
576590,99999,APPROXIMATE LOCALE,CH,,,+28.167,+110.967,+0000.0,19740421,20020809
576620,99999,CHANGDE,CH,,,+29.050,+111.683,+0035.0,19560820,20230630
576630,99999,HAN-SHOU (?),CH,,,+00.000,+000.000,-0999.0,19800706,20020608
576650,99999,BOGUS CHINESE,CH,,,+00.000,+000.000,-0999.0,19740601,20041112
576660,99999,MA-JI-TANG (?),CH,,,+00.000,+000.000,-0999.0,19731108,20120913
576670,99999,DARONGTANG SOUTHEAST,CH,,,+28.317,+111.133,+0397.0,19740421,19740919
576690,99999,MEI-CHENG-ZHEN,CH,,,+28.150,+111.633,+0201.0,19570602,19971231
576710,99999,YUANJIANG,CH,,,+28.850,+112.383,+0027.0,19570602,19971231
576720,99999,YUAN-JIANG,CH,,,+00.000,+000.000,-0999.0,19731101,20020528
576760,99999,BOGUS CHINESE,CH,,,+00.000,+000.000,-0999.0,19740427,20020310
576770,99999,BOGUS CHINESE,CH,,,,,,19890101,20020921
576790,99999,CHANGSHA/DATUOPU,CH,,ZGCS,+28.200,+113.083,+0046.0,19560820,19880714
576820,99999,PINGJIANG,CH,,,+28.750,+113.617,+0088.0,19591101,19971231
576870,99999,CHANGSHA,CH,,,+28.117,+112.783,+0120.0,19440214,20230630
576930,99999,SHI-MEN-LOU,CH,,,+28.983,+114.850,+0152.0,19740427,20020709
576990,99999,SHANG-GAO,CH,,,+00.000,+000.000,-0999.0,19740425,20010819
577060,99999,BOGUS CHINESE,CH,,,+00.000,+000.000,-0999.0,19801001,20010715
577070,99999,BIJIE,CH,,,+27.300,+105.233,+1511.0,19560820,20230630
577080,99999,DA-FANG,CH,,,+27.150,+105.600,+1520.0,19731016,20020530
577120,99999,HUICHUAN,CH,,,+27.733,+106.950,+0984.0,19800701,20230630
577130,99999,ZUNYI,CH,,,+27.700,+106.883,+0845.0,19560820,19971231
577150,99999,BOGUS CHINESE,CH,,,+00.000,+000.000,-0999.0,19740423,20020503
577160,99999,APPROXIMATE LOCALE,CH,,,+27.500,+106.833,+0914.0,19740425,20020627
577220,99999,MEITAN SOUTHWEST,CH,,,+27.750,+107.433,+0786.0,19591209,19610228
577230,99999,LONG-ZHUAN,CH,,,+00.000,+000.000,-0999.0,19800710,20011201
577260,99999,BOGUS CHINESE,CH,,,+00.000,+000.000,-0999.0,19740610,20020123
577310,99999,SINAN,CH,,,+27.950,+108.250,+0418.0,19570701,20230630
577320,99999,DE-WANG,CH,,,+00.000,+000.000,-0999.0,19731004,20020615
577380,99999,CHEN-YUAN,CH,,,+27.050,+108.400,+0464.0,19560820,19580203
577410,99999,TONGREN NORTHWEST,CH,,,+27.733,+109.167,+0335.0,19591209,19610228
577450,99999,ZHIJIANG,CH,,,+27.450,+109.683,+0273.0,19430930,20230630
577490,99999,HUAIHUA,CH,,,+27.567,+110.000,+0261.0,19800307,20021205
577530,99999,XU-BU,CH,,,+27.917,+110.583,+0152.0,19730906,20021007
577540,99999,QIAN-YANG (?),CH,,,+00.000,+000.000,-0999.0,19740427,20020306
577590,99999,LONG-HUI-ANG,CH,,,+27.350,+110.950,+0644.0,19800410,20020331
577650,99999,APPROXIMATE LOCALE,CH,,,+27.500,+111.500,+0000.0,19801001,20050518
577660,99999,SHAOYANG,CH,,,+27.183,+111.450,+0310.4,19570602,20230630
577720,99999,XIANG-XIANG,CH,,,+27.733,+112.533,+0076.0,19740802,20020316
577730,99999,XIANG-TAN,CH,,,+27.883,+112.917,+0075.0,19740802,20020827
577740,99999,SHUANG-FENG,CH,,,+27.450,+112.200,+0916.0,19570602,19971231
577760,99999,NANYUE,CH,,,+27.300,+112.700,+1268.0,19560820,20230630
577830,99999,TONG-MU,CH,,,+00.000,+000.000,-0999.0,19731004,19840529
577920,99999,YI-CHUN,CH,,,+00.000,+000.000,-0999.0,19740111,20011111
577930,99999,YICHUN,CH,,,+27.800,+114.383,+0129.0,19560820,20230630
577990,99999,JI'AN,CH,,,+27.117,+114.967,+0078.0,19560820,20230630
578020,99999,APPROXIMATE LOCATIO,CH,,,+26.833,+105.500,+0000.0,19801001,20041009
578030,99999,ZHI-JIN,CH,,,+26.700,+105.767,+1676.0,19600301,19971231
578060,99999,ANSHUN,CH,,,+26.267,+105.967,+1402.0,19591202,19971231
578070,99999,LANG-TAI,CH,,,+26.050,+105.217,+0899.0,19731004,20041122
578130,99999,YANG-CHANG (?),CH,,,+00.000,+000.000,-0999.0,19730813,20020803
578160,99999,LONGDONGBAO,CH,,ZUGY,+26.539,+106.801,+1138.7,19450204,20230630
578220,99999,FUQUAN,CH,,,+26.700,+107.500,+0896.0,19731004,19740914
578230,99999,DAO-PING (?),CH,,,+00.000,+000.000,-0999.0,19800707,20040522
578250,99999,MA-JIANG,CH,,,+26.500,+107.583,+0726.0,19450310,19971231
578310,99999,TAI-JIANG,CH,,,+26.667,+108.333,+0607.0,19730816,20010725
578320,99999,SANSUI,CH,,,+26.967,+108.667,+0631.0,19591209,20230630
578340,99999,LEISHAN NORTHEAST,CH,,,+26.433,+108.133,+0926.0,19740421,19740819
578430,99999,HUI-TONG,CH,,,+26.867,+109.717,+0305.0,19800304,20011124
578450,99999,TONGDAO,CH,,,+26.167,+109.783,+0397.0,19591101,20230630
578530,99999,WUGANG,CH,,,+26.733,+110.633,+0340.0,19570601,20230630
578660,99999,LINGLING,CH,,,+26.233,+111.617,+0174.0,19430531,20230630
578720,99999,HENGYANG,CH,,,+26.933,+112.583,+0098.0,19430831,19971231
578820,99999,CHA-LING,CH,,,+00.000,+000.000,-0999.0,19730103,19840930
578830,99999,CHALING,CH,,,+26.800,+113.533,+0176.0,19570601,19971231
578910,99999,HECHUAN,CH,,,+26.950,+114.233,+0122.0,19610901,19630131
578930,99999,TAI-HO,CH,,,+26.783,+114.900,+0050.0,19730103,20020723
578960,99999,HUANGDIAN,CH,,,+26.250,+114.333,+0282.0,19570601,19610314
578961,99999,SUI-CHUAN,CH,,,+26.333,+114.500,+0152.0,19430930,19460228
579010,99999,HUA-GONG,CH,,,+00.000,+000.000,-0999.0,19800706,20040214
579020,99999,XINGREN,CH,,,+25.433,+105.183,+1379.0,19560820,20230630
579060,99999,ZHEN-FENG,CH,,,+25.383,+105.650,+0571.0,19600701,19971231
579090,99999,WANGMO NORTHWEST,CH,,,+25.250,+105.867,+0359.0,19600201,19600229
579110,99999,GUDONG WEST,CH,,,+25.950,+107.133,+0977.0,19740421,19740819
579130,99999,APPROXIMATE LOCATIO,CH,,,+25.833,+106.833,+0000.0,19801004,19850710
579160,99999,LUODIAN,CH,,,+25.433,+106.767,+0441.0,19560820,20230630
579220,99999,DUSHAN,CH,,,+25.833,+107.550,+0971.0,19450430,20230630
579230,99999,JIANGZHAI,CH,,,+25.883,+107.750,+0536.0,19731119,19740912
579250,99999,LIU-CHAI,CH,,,+25.300,+107.400,+0854.0,19570602,19830914
579270,99999,APPROXIMATE LOCALE,CH,,,+25.283,+107.300,+0000.0,19740425,20020611
579310,99999,APPROXIMATE LOCALE,CH,,,+25.850,+108.083,+0000.0,19740601,20011025
579320,99999,RONGJIANG,CH,,,+25.967,+108.533,+0287.0,19560820,20230630
579440,99999,GONGDONG SOUTHEAST,CH,,,+25.533,+109.200,+0423.0,19740421,19741202
579470,99999,RONG-SHUI,CH,,,+25.067,+109.250,+0183.0,19570603,19971231
579570,99999,LIANGJIANG,CH,,ZGKL,+25.218,+110.039,+0173.7,19430606,20230630
579580,99999,NAME UNKNOWN,CH,,,+00.000,+000.000,-0999.0,19731004,20020507
579600,99999,DAO XIAN NORTH,CH,,,+25.550,+111.583,+0179.0,19610107,19610314
579620,99999,NAME UNKNOWN (ONC),CH,,,+00.000,+000.000,-0999.0,19740513,20021205
579650,99999,DAOXIAN,CH,,,+25.617,+111.600,+0152.0,19730101,19971231
579660,99999,NING-YUAN (?),CH,,,+00.000,+000.000,-0999.0,19800405,20020106
579680,99999,TUO-JIANG (?),CH,,,+25.183,+111.583,+0122.0,19570601,19850331
579720,99999,CHENZHOU,CH,,,+25.733,+112.967,+0368.8,19560820,20230630
579730,99999,GUI-YANG (?),CH,,,+00.000,+000.000,-0999.0,19731004,20020326
579820,99999,APPROXIMATE LOCALE,CH,,,+25.833,+113.500,+0000.0,19740729,20020909
579830,99999,NAME UNKNOWN,CH,,,+00.000,+000.000,-0999.0,19740806,20040118
579920,99999,SHANG-YU,CH,,,+25.800,+114.533,+0202.0,19730103,20020516
579930,99999,GANZHOU,CH,,ZSGZ,+25.850,+114.950,+0125.0,19441130,20230630
579931,99999,YAOQIANG,CH,,ZSJN,+36.857,+117.216,+0023.2,20050617,20230630
579960,99999,XIN-FENG,CH,,,+25.400,+114.933,+0195.0,19591101,19971231
580050,99999,SHANGQIU,CH,,,+34.400,+115.633,+0050.0,19610801,20040515
580150,99999,TANG-SHAN,CH,,,+34.417,+116.333,+0044.0,19570531,19971231
580270,99999,XUZHOU,CH,,,+34.283,+117.150,+0042.0,19560820,20230630
580280,99999,XUZHOU / GUANYIN ARPT,CH,,ZSXZ,+34.059,+117.556,+0035.1,19731104,20210702
580400,99999,GANYU,CH,,,+34.850,+119.133,+0010.0,19580104,20230630
580440,99999,NANCHENG NORTHEAST,CH,,,+34.583,+119.250,+0004.0,19560821,19571231
580570,99999,LIUDUO SOUTHWEST,CH,,,+34.067,+120.217,+0003.0,19570602,19591231
580830,99999,BOGUS CHINESE,CH,,,,,,19801003,20020923
581020,99999,BOXIAN,CH,,,+33.783,+115.733,+0040.3,19560821,20230630
581220,99999,SUINING,CH,,,+33.900,+117.950,+0026.0,19570601,19971231
581340,99999,SI-HONG,CH,,,+33.467,+118.217,+0015.0,19740401,20020717
581370,99999,SHUANG-GOU,CH,,,+33.217,+118.183,+0014.0,19800707,20030213
581380,99999,HONGZE HU (LAKE),CH,,,+33.333,+118.667,+0002.0,19570602,19971231
581400,99999,CHIANELO,CH,,,+26.767,+117.367,+0183.0,19790710,19810529
581410,99999,HUAIYIN,CH,,,+33.633,+118.933,+0013.7,20040713,20230630
581440,99999,QINGJIANG,CH,,,+33.600,+119.033,+0019.0,19560820,19971231
581500,99999,SHEYANG,CH,,,+33.750,+120.300,+0003.0,19600101,20230630
581930,99999,NAME/LOCATION UNKN,CH,,,+00.000,+000.000,-0999.0,19801005,20020111
582020,99999,TSAOCHUANG,CH,,,+00.000,+000.000,-0999.0,19740426,20020319
582030,99999,FUYANG,CH,,,+32.867,+115.733,+0033.0,19570601,20230630
582070,99999,HUANG-CHUAN (?),CH,,,+00.000,+000.000,-0999.0,19740425,20020511
582080,99999,GUSHI,CH,,,+32.167,+115.617,+0044.0,19560820,20230630
582110,99999,YING-SHANG,CH,,,+00.000,+000.000,-0999.0,19801001,20020615
582150,99999,SHOUXIAN/SHOUYANG,CH,,,+32.583,+116.783,+0023.0,19570601,19971231
582210,99999,BENGBU,CH,,,+32.850,+117.300,+0028.0,19560820,20230630
582310,99999,JIA-SHAN,CH,,,+00.000,+000.000,-0999.0,19731004,20020809
582340,99999,CHU-XIAN,CH,,,+00.000,+000.000,-0999.0,19740425,20030413
582360,99999,CHUZHOU EAST,CH,,,+32.317,+118.333,+0026.0,19570601,19610322
582370,99999,JIANG-PU (?),CH,,,+00.000,+000.000,-0999.0,19800703,20020731
582380,99999,LUKOU,CH,,ZSNJ,+31.742,+118.862,+0014.9,19560820,20230630
582390,99999,LISHE,CH,,ZSNB,+29.825,+121.465,+0004.0,20040825,20230630
582410,99999,GAOYOU,CH,,,+32.783,+119.450,+0003.0,19591101,19971231
582440,99999,DAYIJI NORTH,CH,,,+32.550,+119.233,+0030.0,19740112,20120523
582450,99999,YANG-ZHOU (?),CH,,,+00.000,+000.000,-0999.0,19740423,20040128
582500,99999,HAIAN NORTHEAST,CH,,,+32.567,+120.467,+0012.0,19731004,19741204
582510,99999,DONGTAI,CH,,,+32.850,+120.283,+0004.0,19560820,20230630
582520,99999,AN-FENG,CH,,,+00.000,+000.000,-0999.0,19801001,20030227
582580,99999,MO-TOU AIR BASE,CH,,,+32.267,+120.500,+0006.0,19740611,19840120
582590,99999,NANTONG/JINSHA,CH,,,+32.100,+120.867,+0001.0,19570601,19971231
582650,99999,LUSI,CH,,,+32.067,+121.600,+0010.0,19570602,20230630
582660,99999,BOGUS CHINESE,CH,,,,,,19830701,19890503
582670,99999,RU-DONG,CH,,,+00.000,+000.000,-0999.0,19731109,20050405
583140,99999,HUOSHAN,CH,,,+31.400,+116.333,+0068.0,19560820,20230630
583210,99999,LUOGANG,CH,,ZSOF,+31.780,+117.298,+0032.9,19560820,20230630
583211,99999,PUDONG,CH,,ZSPD,+31.143,+121.805,+0004.0,20040713,20230630
583212,99999,JINJIANG AIRPORT,CH,,ZSQZ,+24.796,+118.590,+0051.0,20100727,20221212
583213,99999,ZHOUSHAN AIRPORT,CH,,ZSZS,+29.934,+122.362,+0009.0,20110116,20140826
583230,99999,SHIH-TANG-JIAO BASE,CH,,,+00.000,+000.000,-0999.0,19801012,20020301
583240,99999,SHAN-HE,CH,,,+00.000,+000.000,-0999.0,19731005,20031011
583250,99999,SHENG-JIA-QIAO,CH,,,+00.000,+000.000,-0999.0,19801005,20030306
583260,99999,CHAOHU WEST,CH,,,+31.600,+117.833,+0021.0,19570601,19610314
583270,99999,KONG-CHENG,CH,,,+00.000,+000.000,-0999.0,19801005,20010713
583280,99999,HUANG GU-JIA,CH,,,+00.000,+000.000,-0999.0,19801002,20050524
583340,99999,WU-HU,CH,,,+31.333,+118.350,+0020.0,19570601,19860114
583380,99999,WUHUXIAN,CH,,,+31.150,+118.583,+0016.0,19860101,20230630
583430,99999,CHANGZHOU,CH,,,+31.767,+119.950,+0015.0,19560820,19971231
583450,99999,LIYANG,CH,,,+31.433,+119.483,+0008.0,19570601,20230630
583570,99999,WA LI,CH,,,+00.000,+000.000,-0999.0,19730103,20020523
583580,99999,SUZHOU,CH,,,+31.267,+120.617,+0019.0,19570602,19971231
583620,99999,SHANGHAI,CH,,,+31.400,+121.467,+0004.0,19910615,20230630
583670,99999,HONGQIAO INTL,CH,,ZSSS,+31.198,+121.336,+0003.0,19560820,20230630
583680,99999,BOGUS CHINESE,CH,,,,,,19801004,20031129
583780,99999,HUINAN EAST,CH,,,+31.183,+122.367,+0000.0,19731004,19740919
584020,99999,YINGSHAN,CH,,,+30.750,+115.667,+0116.0,19591101,19971231
584030,99999,LEI-CHIA-TIEN WEST,CH,,,+30.883,+115.717,+0260.0,19731004,19740817
584070,99999,QIZHOU,CH,,,+30.067,+115.333,+0029.0,19570601,19971231
584080,99999,MEI-CHUAN,CH,,,+30.133,+115.600,+0073.0,19731004,20040703
584140,99999,TAI-HU,CH,,,+00.000,+000.000,-0999.0,19800706,20020303
584240,99999,ANQING,CH,,,+30.617,+116.967,+0063.2,19560820,20230630
584360,99999,HELIXI,CH,,,+30.633,+118.967,+0053.0,19570601,19740813
584370,99999,HUANG SHAN,CH,,,+30.133,+118.150,+1836.0,19560820,20230630
584380,99999,JING-DE,CH,,,+00.000,+000.000,-0999.0,19730403,20040928
584450,99999,TIANMU SHAN (MTNS),CH,,,+30.350,+119.417,+1494.0,19570603,19971231
584470,99999,HE-QIAO,CH,,,+00.000,+000.000,-0999.0,19731004,20020730
584510,99999,WU-XING,CH,,,+00.000,+000.000,-0999.0,19800809,20020709
584560,99999,HUANG WAN,CH,,,+00.000,+000.000,-0999.0,19731004,20020118
584570,99999,XIAOSHAN,CH,,ZSHC,+30.228,+120.432,+0007.0,19560820,20230630
584580,99999,SHAO-XING (?),CH,,,+00.000,+000.000,-0999.0,19731004,20020708
584610,99999,JIN-SHAN,CH,,,+00.000,+000.000,-0999.0,19740421,20040716
584620,99999,MIN-HANG,CH,,,+00.000,+000.000,-0999.0,19730702,20020612
584640,99999,ZHA-PU,CH,,,+30.617,+121.083,+0007.0,19570601,19971231
584670,99999,YU-YAO,CH,,,+00.000,+000.000,-0999.0,19570602,20070727
584720,99999,SHENGSI,CH,,,+30.733,+122.450,+0081.0,19581001,20230630
584730,99999,SHENG SHANG,CH,,,+30.717,+122.817,+0197.0,19800401,19971001
584740,99999,DACHU SHAN,CH,,,+30.450,+122.300,+0152.0,19891201,20050728
584760,99999,LANG-GANG ISLAND,CH,,,+30.433,+122.917,+0095.0,19800401,20020519
584770,99999,DINGHAI,CH,,,+30.033,+122.117,+0037.0,19560820,20230630
584780,99999,ZHI-ZHI ISLAND,CH,,,+00.000,+000.000,-0999.0,19740426,20030310
585020,99999,FENLU SOUTHEAST,CH,,,+29.750,+115.917,+0031.0,19560820,19631231
585060,99999,LU SHAN,CH,,,+29.583,+115.983,+1165.0,19560820,20230630
585170,99999,BOGUS CHINESE,CH,,,,,,19801003,20020629
585190,99999,GU-XIAN-DU,CH,,,+29.083,+116.883,+0031.0,19570602,19971231
585210,99999,APPROXIMATE LOCATIO,CH,,,+29.833,+117.167,+0000.0,19801010,20060214
585270,99999,JINGDEZHEN,CH,,,+29.300,+117.200,+0060.0,19560820,20230630
585280,99999,KOMATSUSHIMA AB,CH,,,+29.167,+117.500,+0000.0,19801002,20020702
585290,99999,APPROXIMATE LOCATIO,CH,,,+29.167,+117.833,+0000.0,19801002,19840529
585310,99999,TUNXI,CH,,,+29.717,+118.267,+0145.0,19570601,19971231
585320,99999,SHE-XIAN,CH,,,+00.000,+000.000,-0999.0,19740802,20011203
585370,99999,HUA-BU,CH,,,+00.000,+000.000,-0999.0,19740423,20020214
585430,99999,CHUN AN,CH,,,+29.617,+119.017,+0172.0,20070727,20230630
585490,99999,JINHUA,CH,,,+29.150,+119.633,+0035.0,19570602,19971231
585540,99999,YI-WU/AIRFIELD,CH,,,+29.350,+120.017,+0091.0,19740421,20030330
585560,99999,SHENGXIAN,CH,,,+29.600,+120.817,+0108.0,19570601,20230630
585590,99999,TIAN-TAI,CH,,,+29.150,+121.017,+0067.0,19740422,20020524
585620,99999,NINGBO,CH,,,+29.917,+121.467,+0006.0,19570601,19971231
585690,99999,SHIPU,CH,,,+29.200,+121.950,+0127.0,19570601,20230630
586060,99999,CHANGBEI INTL,CH,,ZSCN,+28.865,+115.900,+0043.6,19560820,20230630
586070,99999,HUI-HE,CH,,,+00.000,+000.000,-0999.0,19740422,19840609
586080,99999,QINGJIANG/ZHANGSHUZ,CH,,,+28.050,+115.533,+0040.0,19570601,19971231
586180,99999,POTOU,CH,,,+38.083,+116.550,+0013.0,19970611,19971221
586210,99999,LE-PING (?),CH,,,+28.983,+117.117,+0049.0,19740424,19810525
586250,99999,YI-YANG,CH,,,+00.000,+000.000,-0999.0,19740112,19841121
586260,99999,SHANGRAO,CH,,,+28.483,+117.983,+0090.0,19570301,19971231
586270,99999,XIONGSHI NORTHEAST,CH,,,+28.300,+117.217,+0039.0,19740423,19740919
586310,99999,YU-SHAN,CH,,,+28.667,+118.250,+0094.0,19740421,19840505
586320,99999,CHANG-SHAN,CH,,,+28.933,+118.500,+0137.0,19740425,20030101
586330,99999,QU XIAN,CH,,,+28.967,+118.867,+0071.0,19560820,20230630
586340,99999,YUSHAN,CH,,,+28.683,+118.250,+0094.0,19570601,19971231
586460,99999,LISHUI,CH,,,+28.450,+119.917,+0060.0,19560820,20230630
586470,99999,LONGQUAN,CH,,,+28.100,+119.083,+0180.0,19570301,19971231
586480,99999,AN-REN,CH,,,+28.050,+119.333,+0274.0,19740421,19840513
586530,99999,KUOCANG SHAN,CH,,,+28.817,+120.917,+1375.0,19570601,20011017
586540,99999,JIN-YUN,CH,,,+00.000,+000.000,-0999.0,19740425,19840517
586550,99999,YONG-LIN,CH,,,+00.000,+000.000,-0999.0,19731004,20020429
586580,99999,KENG-KOU,CH,,,+00.000,+000.000,-0999.0,19740616,20020116
586590,99999,WENZHOU,CH,,ZSWZ,+28.017,+120.667,+0007.0,19560820,20210812
586600,99999,LINHAI (REPLACED BY 58652 - XIANJU),CH,,,+28.850,+121.133,+0009.0,19940801,19971231
586620,99999,HAI-MEN,CH,,,+28.683,+122.133,+0003.0,19731004,20020617
586650,99999,HONGJIA,CH,,,+28.617,+121.417,+0002.0,19560820,19971231
586660,99999,DACHEN DAO,CH,,,+28.450,+121.883,+0084.0,19591101,20230630
586670,99999,YU-HUAN,CH,,,+28.133,+121.217,+0100.0,19570601,19971231
586690,99999,SONGMEN SOUTHEAST,CH,,,+28.283,+121.733,+0002.0,19731026,19740801
587130,99999,HUANG-SHI-DU,CH,,,+00.000,+000.000,-0999.0,19740601,20020803
587150,99999,NANCHENG,CH,,,+27.583,+116.650,+0082.0,19560820,20230630
587210,99999,NAME UNKNOWN (ONC),CH,,,+27.717,+117.050,+0305.0,19740425,19851024
587250,99999,SHAOWU,CH,,,+27.333,+117.467,+0219.0,19570602,20230630
587260,99999,QIXIAN SHAN,CH,,,+27.950,+117.833,+1415.0,19560820,19940718
587300,99999,WUYISHAN,CH,,,+27.767,+118.033,+0221.0,19920301,20230630
587310,99999,PUCHENG,CH,,,+27.917,+118.533,+0275.0,19560820,20230630
587320,99999,APPROXIMATE LOCATIO,CH,,,+27.833,+118.500,+0000.0,19801001,20011230
587340,99999,JIAN-YANG,CH,,,+00.000,+000.000,-0999.0,19570601,20020620
587350,99999,APPROXIMATE LOCATIO,CH,,,+27.500,+118.500,+0000.0,19801001,20020518
587360,99999,XIONG MOUNTAIN,CH,,,+00.000,+000.000,-0999.0,19600309,19840815
587370,99999,JIAN'OU,CH,,,+27.050,+118.317,+0112.0,19570601,19971231
587450,99999,SHOU-NING,CH,,,+27.467,+119.483,+0732.0,19570609,20020730
587470,99999,LI-MEN,CH,,,+00.000,+000.000,-0999.0,19740425,20030610
587490,99999,FU AN,CH,,,+00.000,+000.000,-0999.0,19740601,19850920
587520,99999,RUIAN,CH,,,+27.783,+120.650,+0038.0,20040713,20230630
587530,99999,RUI-AN,CH,,,+00.000,+000.000,-0999.0,19731006,20021127
587540,99999,FUDING,CH,,,+27.333,+120.200,+0038.0,19560820,20230630
587640,99999,DONG-GUA ISLAND,CH,,,+27.633,+121.050,+0018.0,19591101,20010912
587650,99999,NANJI SHAN,CH,,,+27.467,+121.050,+0002.0,19731004,19971113
588110,99999,LO-KOU,CH,,,+26.850,+116.067,+0243.0,19731113,19741008
588130,99999,GUANGCHANG,CH,,,+26.850,+116.333,+0142.0,19570610,20230630
588150,99999,NING-HUA,CH,,,+26.267,+116.650,+0303.0,19730102,20020624
588200,99999,SANMING,CH,,,+26.183,+117.617,+0198.0,19570601,19971231
588210,99999,TAI-NING,CH,,,+26.900,+117.167,+0305.0,19730810,20051025
588250,99999,JIANG-LE,CH,,,+26.767,+117.367,+0183.0,19730102,20020517
588260,99999,SHA-XIAN,CH,,,+26.400,+117.783,+0183.0,19730102,20050506
588310,99999,XIA-YANG,CH,,,+26.783,+118.000,+0146.0,19570601,20020511
588340,99999,NANPING,CH,,,+26.633,+118.150,+0153.0,19560820,20230630
588370,99999,YOU-XI,CH,,,+26.167,+118.183,+0165.0,19730103,20020610
588380,99999,SHUANG-KENG,CH,,,+00.000,+000.000,-0999.0,19731004,19840507
588460,99999,LUOYUAN,CH,,,+26.517,+119.533,+0085.0,19570602,19971231
588470,99999,FUZHOU,CH,,,+26.083,+119.283,+0085.0,19560820,20230630
588480,99999,SANYA,CH,,,+00.000,+000.000,-0999.0,19731008,20020220
588490,99999,MAZU,CH,,,+26.167,+119.933,+0091.0,19560821,19971231
588500,99999,SONGCHENG NORTHEAST,CH,,,+26.933,+120.067,+0258.0,19600506,19631031
588520,99999,TA-YU MOUNTAIN,CH,,,+26.917,+120.383,+0305.0,19570601,20020919
588530,99999,TAISHAN,CH,,,+27.000,+120.700,+0107.0,19631101,19970914
588540,99999,XI-YANG ISLAND,CH,,,+00.000,+000.000,-0999.0,19730101,20020816
588640,99999,TUNG-YIN ISLAND,CH,,,+00.000,+000.000,-0999.0,19730303,19831002
588930,99999,BOGUS CHINESE,CH,,,,,,19860604,19860626
589110,99999,CHANGTING,CH,,,+25.850,+116.367,+0311.0,19570301,20230630
589180,99999,SHANGHANG,CH,,,+25.067,+116.350,+0207.0,19570602,19971231
589210,99999,YONG'AN,CH,,,+25.967,+117.350,+0204.0,19560820,20230630
589260,99999,ZHANG PING,CH,,,+25.300,+117.400,+0203.0,19940901,20230630
589270,99999,LONGYAN,CH,,,+25.100,+117.017,+0341.0,19560820,19971208
589280,99999,ZHANG-PING,CH,,,+25.300,+117.400,+0000.0,19740421,19851011
589310,99999,JIUXIAN SHAN,CH,,,+25.717,+118.100,+1651.0,19560820,20230630
589320,99999,NAME UNKNOWN (ONC),CH,,,+00.000,+000.000,-0999.0,19740425,20020615
589330,99999,ZHANGCHENG SOUTHWEST,CH,,,+25.867,+118.917,+0152.0,19600101,19610314
589340,99999,YONG-CHUN,CH,,,+00.000,+000.000,-0999.0,19740613,19850922
589380,99999,HUNG-LAI,CH,,,+25.083,+118.517,+0061.0,19880201,20030809
589410,99999,HESHANG SOUTHEAST,CH,,,+25.933,+119.567,+0008.0,19570603,19610314
589440,99999,PINGTAN,CH,,,+25.517,+119.783,+0031.0,19560820,20230630
589450,99999,BOGUS CHINESE,CH,,,,,,19831201,20020823
589470,99999,DAI-TOU,CH,,,+25.267,+119.200,+0037.0,19740817,20020408
589650,99999,TAOYUAN,CH,,,+25.050,+121.217,+0048.0,19560820,20030222
589680,99999,TAIBEI,CH,,,+25.033,+121.517,+0009.0,19570601,20230630
589690,99999,589690,CH,,,+25.067,+121.533,+0007.0,19730101,19900623
589740,99999,PENGJIA YU,CH,,,+25.633,+122.067,+0102.0,19730102,20230630
589840,99999,BOGUS CHINESE,CH,,,,,,19801001,20011007
590070,99999,GUANGNAN,CH,,,+24.067,+105.067,+1251.0,19560820,20230630
590080,99999,BOGUS CHINESE,CH,,,,,,19801001,20040118
590130,99999,BOGUS CHINESE,CH,,,,,,19801001,20041008
590210,99999,TIAN'E/LIUPAI,CH,,,+25.083,+107.200,+0305.0,19730101,19971231
590230,99999,HECHI,CH,,,+24.700,+108.050,+0214.0,19560820,20230630
590370,99999,DU AN,CH,,,+24.017,+108.083,+0162.0,19570601,19610314
590460,99999,LIUZHOU,CH,,,+24.350,+109.400,+0097.0,19430919,20230630
590580,99999,MENGSHAN,CH,,,+24.200,+110.517,+0145.0,19570601,20230630
590620,99999,BOGUS CHINESE,CH,,,,,,19801001,19840222
590650,99999,HEXIAN/BABU,CH,,,+24.467,+111.567,+0091.0,19570601,19971231
590720,99999,LIANZHOU,CH,,,+24.800,+112.367,+0098.0,19560820,20230630
590750,99999,YANGSHAN,CH,,,+24.483,+112.633,+0064.0,19731004,19741013
590760,99999,NAME UNKNOWN (ONC),CH,,,+00.000,+000.000,-0999.0,19731108,19820219
590770,99999,XIA-SHUI-XU,CH,,,+00.000,+000.000,-0999.0,19740504,19840914
590820,99999,SHAOGUAN,CH,,,+24.667,+113.600,+0068.0,19560820,20230630
590830,99999,BOGUS CHINESE,CH,,,,,,19890608,20020912
590850,99999,WU-SHI (?),CH,,,+00.000,+000.000,-0999.0,19740424,19811212
590860,99999,XIN-JIANG,CH,,,+00.000,+000.000,-0999.0,19740615,20020615
590870,99999,FOGANG,CH,,,+23.883,+113.517,+0068.0,19570602,20230630
590920,99999,CHENG-LONG,CH,,,+00.000,+000.000,-0999.0,19730104,19840601
590960,99999,LIANPING,CH,,,+24.367,+114.483,+0214.0,19570602,20230630
590970,99999,XINFENG,CH,,,+00.000,+000.000,-0999.0,19730105,20011210
591020,99999,XUNWU,CH,,,+24.950,+115.650,+0299.0,19560820,20230630
591090,99999,XING-NING,CH,,,+00.000,+000.000,-0999.0,19800803,19840504
591170,99999,MEI XIAN,CH,,ZGMX,+24.283,+116.067,+0116.9,19560820,20230630
591240,99999,NAN-JING,CH,,,+00.000,+000.000,-0999.0,19800702,20020126
591260,99999,ZHANGZHOU,CH,,,+24.633,+117.650,+0024.0,19570603,19971231
591270,99999,DA-XI,CH,,,+00.000,+000.000,-0999.0,19740423,20011114
591330,99999,JIN-JIANG,CH,,,+24.800,+118.583,+0022.0,19570601,19971231
591340,99999,GAOQI,CH,,ZSAM,+24.544,+118.128,+0018.0,19560820,20230630
591520,99999,XINZHU,CH,,,+24.800,+120.967,+0034.0,20020103,20070226
591580,99999,TAIZHONG,CH,,,+24.150,+120.683,+0078.0,19560820,20230630
591625,99999,YANCHENG,CH,,ZSYN,+33.417,+120.200,+0003.0,20131001,20200101
591630,99999,I-LAN FORMOSA/NILAN,CH,,,+24.767,+121.750,+0007.0,19560820,19591031
592020,99999,XI-YANG (?),CH,,,+00.000,+000.000,-0999.0,19740425,20011003
592030,99999,ZHE-SHANG,CH,,,+00.000,+000.000,-0999.0,19740514,20010831
592090,99999,NAPO,CH,,,+23.300,+105.950,+0794.0,19730101,20230630
592110,99999,BAISE,CH,,,+23.900,+106.600,+0177.0,19560820,20230630
592160,99999,HUO-JIAO,CH,,,+23.633,+106.717,+0329.0,19730323,20011006
592170,99999,RONG-LAO-XIANG,CH,,,+00.000,+000.000,-0999.0,19731004,20020821
592180,99999,XINJING,CH,,,+23.133,+106.417,+0740.0,19570601,19971231
592240,99999,PINGMA,CH,,,+23.600,+107.117,+0112.0,19570601,19890913
592280,99999,LONG'AN,CH,,,+23.133,+107.650,+0457.0,19880201,19971231
592340,99999,QIAO-LI,CH,,,+00.000,+000.000,-0999.0,19731004,20020815
592420,99999,DA-WAN,CH,,,+23.850,+109.417,+0076.0,19570602,19971231
592430,99999,XIANGZHOU,CH,,,+23.950,+109.683,+0122.0,19740307,19741025
592450,99999,WU-XUAN,CH,,,+00.000,+000.000,-0999.0,19730701,20020421
592540,99999,GUIPING,CH,,,+23.400,+110.083,+0044.0,19560820,20230630
592580,99999,LIU-CHEN,CH,,,+00.000,+000.000,-0999.0,19740610,20020416
592590,99999,JINJI,CH,,,+23.217,+110.817,+0077.0,19740111,19750404
592620,99999,GU-NA,CH,,,+23.833,+111.567,+0137.0,19740302,20020530
592650,99999,WUZHOU,CH,,,+23.483,+111.300,+0120.0,19560820,20230630
592710,99999,HUAIJI,CH,,,+23.950,+112.200,+0057.0,19570601,19971231
592730,99999,QINGCHENG,CH,,,+23.667,+112.867,+0020.0,19740112,19741024
592770,99999,LU-BU,CH,,,+00.000,+000.000,-0999.0,19740424,20020615
592780,99999,GAOYAO,CH,,,+23.050,+112.467,+0012.0,19570601,20230630
592800,99999,QING YUAN,CH,,,+23.700,+113.083,+0019.0,19990207,19991203
592830,99999,LIANG-KOU (?),CH,,,+00.000,+000.000,-0999.0,19731101,20011206
592870,99999,BAIYUN INTL,CH,,ZGGG,+23.392,+113.299,+0015.2,19451130,20230630
592871,99999,HUANGHUA,CH,,ZGHA,+28.189,+113.220,+0066.1,20040713,20230630
592880,99999,GUANG-ZHOU/EAST,CH,,,+00.000,+000.000,-0999.0,19731008,20020926
592930,99999,HEYUAN,CH,,,+23.800,+114.733,+0041.0,19560820,20230630
592970,99999,BO-LUO,CH,,,+00.000,+000.000,-0999.0,19731005,20020522
592980,99999,HUI-YANG,CH,,,+23.083,+114.417,+0016.0,19570603,19971231
593030,99999,SONG-LIN-BA,CH,,,+23.967,+115.967,+0152.0,19570601,19971231
593090,99999,DAPING,CH,,,+23.183,+115.850,+0097.0,19740421,19751221
593110,99999,APPROXIMATE LOCALE,CH,,,+23.767,+116.017,+0000.0,19740421,20020110
593160,99999,SHANTOU,CH,,ZGOW,+23.400,+116.683,+0003.0,19560820,20230630
593170,99999,HUILAI,CH,,,+23.083,+116.300,+0030.0,19570602,19971231
593210,99999,GULEITOU,CH,,,+23.800,+117.550,+0006.0,19560820,19611031
593240,99999,LUNG-AO /NAN-AO TAO,CH,,,+23.433,+117.017,,19570601,19610314
593260,99999,XIONG-DI ISLAND,CH,,,+00.000,+000.000,-0999.0,19731108,19851025
593270,99999,APPROXIMATE LOCALE,CH,,,+23.167,+117.167,+0000.0,19830201,20011025
593450,99999,MAGONG,CH,,,+23.517,+119.567,+0022.0,19560820,19910321
593460,99999,P ENG-HU,CH,,,+23.533,+119.567,+0021.0,19730103,19820511
593530,99999,ALI SHAN,CH,,,+23.517,+120.800,+2408.0,19490930,20011212
593580,99999,TAINAN,CH,,,+23.000,+120.217,+0014.0,19560820,20230630
593620,99999,HUALIAN,CH,,,+24.017,+121.617,+0014.0,19560820,19900623
594170,99999,LONGZHOU,CH,,,+22.367,+106.750,+0129.0,19560820,20230630
594270,99999,NING-MING,CH,,,+22.117,+107.133,+0168.0,19801001,19840518
594310,99999,WUXU,CH,,ZGNN,+22.608,+108.172,+0128.3,19440114,20230630
594320,99999,BOGUS CHINESE,CH,,,,,,19801001,20020823
594460,99999,BOBAI,CH,,,+22.250,+109.967,+0121.0,19570601,19971231
594530,99999,CEN-XI,CH,,,+22.933,+110.983,+0243.0,19570701,19971231
594560,99999,XINYI,CH,,,+22.350,+110.933,+0084.0,19560820,20230630
594620,99999,LUODING,CH,,,+22.717,+111.550,+0134.0,19591101,19971231
594680,99999,SANJIA,CH,,,+23.133,+111.467,+0080.0,19740422,19741130
594720,99999,MING-CHENG,CH,,,+00.000,+000.000,-0999.0,19731103,20020618
594730,99999,HE-QING,CH,,,+00.000,+000.000,-0999.0,19740427,20020606
594770,99999,EN-PING,CH,,,+00.000,+000.000,-0999.0,19740112,20011201
594780,99999,TAI-SHAN,CH,,,+22.267,+112.783,+0046.0,19560820,19971231
594880,99999,ZHUHAI SANZAO,CH,,,+22.017,+113.383,+0003.0,19740611,19741125
594930,99999,BAOAN INTL,CH,,ZGSZ,+22.639,+113.811,+0004.0,19570601,20230630
595010,99999,SHANWEI,CH,,,+22.783,+115.367,+0005.0,19560820,20230630
595050,99999,APPROXIMATE LOCALE,CH,,,+22.500,+115.500,+0000.0,19830201,20011016
595500,99999,TAINAN,CH,,,+22.950,+120.183,+0017.0,19730101,19801007
595530,99999,DONGGANG,CH,,,+22.467,+120.433,+0008.0,19730102,20031205
595540,99999,GAOXIONG,CH,,,+22.617,+120.267,+0033.0,20020617,20020617
595590,99999,HENGCHUN,CH,,,+22.000,+120.750,+0024.0,19560820,20230630
595600,99999,CHIN HONG,CH,,,+22.800,+121.167,+0037.0,19730101,19800710
595620,99999,TAIDONG,CH,,,+22.750,+121.150,+0010.0,19560820,20230630
595670,99999,LAN YU,CH,,,+22.033,+121.550,+0325.0,19730101,20230630
596220,99999,DONG-JIAO (?),CH,,,+00.000,+000.000,-0999.0,19740426,19820428
596260,99999,DONG-XING,CH,,,+21.550,+107.967,+0013.0,19591101,19971231
596320,99999,QINZHOU,CH,,,+21.950,+108.617,+0006.0,19560820,20230630
596330,99999,BAI-MU,CH,,,+00.000,+000.000,-0999.0,19731004,20020515
596340,99999,WANWEI,CH,,,+21.550,+108.167,+0021.0,19570602,19580731
596440,99999,BEIHAI,CH,,,+21.483,+109.100,+0016.0,19450811,20230630
596441,99999,BEIHAI AIRPORT,CH,,ZGBH,+21.539,+109.294,+0016.0,20100602,20180401
596460,99999,SHAN-KOU (?),CH,,,+00.000,+000.000,-0999.0,19740422,19820422
596470,99999,WEI-ZHOU ISLAND,CH,,,+21.033,+109.117,+0041.0,19570602,19971231
596480,99999,FOU-TOU,CH,,,+00.000,+000.000,-0999.0,19731010,19840503
596570,99999,ZHAN-JIANG,CH,,,+00.000,+000.000,-0999.0,19800401,20020613
596580,99999,ZHANJIANG,CH,,,+21.150,+110.300,+0050.0,19560820,20230630
596630,99999,YANGJIANG,CH,,,+21.867,+111.967,+0022.0,19560820,20230630
596640,99999,TIAN-CHENG,CH,,,+21.517,+111.300,+0008.0,19570602,19971231
596730,99999,SHANGCHUAN DAO,CH,,,+21.733,+112.767,+0018.0,19591101,20230630
596830,99999,BEI-JIAN ISLAND,CH,,,+00.000,+000.000,-0999.0,19731101,20020426
597380,99999,DAO-BACH-LONG ISLAN,CH,,,+20.133,+107.733,+0058.0,19731108,20020731
597450,99999,XI-CUN,CH,,,+00.000,+000.000,-0999.0,19731004,20020725
597480,99999,LIN-GAO (CAPE),CH,,,+00.000,+000.000,-0999.0,19731004,19820826
597520,99999,BOGUS CHINESE,CH,,,,,,19831201,20030216
597540,99999,XUWEN,CH,,,+20.367,+110.167,+0109.0,19570602,19971231
597550,99999,CHIN HO (CHIN NANG),CH,,,+00.000,+000.000,-0999.0,19731108,20020524
597580,99999,HAIKOU,CH,,ZGHK,+20.000,+110.250,+0024.0,19560820,20230630
597920,99999,DONGSHA DAO,CH,,,+20.667,+116.717,+0006.0,19560820,20230630
598380,99999,DONGFANG,CH,,,+19.100,+108.617,+0008.0,19560820,20230630
598450,99999,DANXIAN,CH,,,+19.517,+109.583,+0169.0,19570602,20230630
598480,99999,BAI-SHA,CH,,,+00.000,+000.000,-0999.0,19731114,19851031
598490,99999,XIN-SHI,CH,,,+19.067,+109.883,+0243.0,19570601,19971231
598530,99999,APPROXIMATE LOCALE,CH,,,+19.833,+110.833,+0000.0,19830201,20040908
598550,99999,QIONGHAI,CH,,,+19.233,+110.467,+0025.0,19560820,20230630
598580,99999,BOGUS CHINESE,CH,,,+19.250,+110.483,-0999.0,19740422,20011214
599380,99999,HUANG-LIU,CH,,,+00.000,+000.000,-0999.0,19730105,19851006
599450,99999,BAO-TING,CH,,,+00.000,+000.000,-0999.0,19731008,19840302
599480,99999,SANYA,CH,,,+18.217,+109.583,+0007.0,19560820,20230630
599540,99999,LING-SHUI,CH,,,+18.500,+110.000,+0050.0,19570601,19971231
599550,99999,DA-ZHOU ISLAND,CH,,,+18.667,+110.467,+0246.0,19731111,19840203
599810,99999,XISHA DAO,CH,,,+16.833,+112.333,+0005.0,19570701,20230630
599850,99999,SANHU DAO,CH,,,+16.533,+111.617,+0005.0,19750426,20230630
599950,99999,YONGSHUJIAO,CH,,,+09.533,+112.883,+0006.0,19881001,19971231
599970,99999,NANSHA DAO,CH,,,+10.383,+114.367,+0005.0,19730101,20230630
749259,99999,MANGSHI,CH,,,+24.450,+098.583,+0922.0,19441231,19450828
749321,99999,YANG-CHIEH,CH,,,+25.500,+103.083,+1955.0,19430217,19451031
749322,99999,YUN-NAN-I,CH,,,+25.417,+100.733,+1967.0,19430108,19451018
749323,99999,XIQIAO,CH,,,+25.000,+103.583,+1849.0,19440630,19451113
749324,99999,ZHE-SHANG EAST,CH,,,+23.750,+106.083,+0162.0,19450123,19450831
749325,99999,LO-PING,CH,,,+24.950,+104.350,+1550.0,19450615,19451009
749327,99999,HSUPU CHINA AAB,CH,,,+27.866,+110.566,+0152.0,19450731,19450831
749329,99999,XINGANG,CH,,,+29.750,+116.133,+0030.0,19460721,19461002
749336,99999,CHING-SHUI-PU NORTH,CH,,,+30.250,+104.033,+0481.0,19431231,19461031
749337,99999,LIULIN SOUTHWEST,CH,,,+36.517,+109.450,+1196.0,19440831,19460331
749338,99999,AO-CHIA-CHANG NORTH,CH,,,+31.117,+104.000,+0500.0,19450131,19450831
749339,99999,QIONGLAI NORTHEAST,CH,,,+30.450,+103.533,+0539.0,19450131,19450228
749340,99999,GUANBA NORTH,CH,,,+30.583,+107.833,+0501.0,19450228,19460430
749341,99999,ERH-LANG-PA NORTH,CH,,,+32.967,+107.200,+0518.0,19450228,19451006
749342,99999,SIAN CHINA,CH,,RSIA,+34.250,+108.916,+0416.0,19450314,19451031
749344,99999,LANCHOW CHINA,CH,,RLHW,+36.000,+103.750,+1543.0,19451031,19461231
749345,99999,HUA-CHIAO SOUTHEAST,CH,,,+30.417,+103.917,+0486.0,19460430,19460831
749346,99999,LENG-CHI NORTHWEST,CH,,,+32.417,+111.500,+0110.0,19450206,19450228
749347,99999,HSIA-KUAN SOUTHEAST,CH,,,+32.083,+118.750,+0025.0,19450907,19481119
749348,99999,HANKOW CHINA,CH,,,+30.583,+114.250,+0037.0,19450930,19480228
749350,99999,HANGCHOW CHINA,CH,,,+30.233,+120.166,+0008.0,19451022,19460430
749351,99999,CHA-YIN-LU SOUTHWEST,CH,,,+31.317,+121.500,+0006.0,19451031,19470331
999999,43204,HUNG CHIA,CH,,,+31.233,+121.450,+0027.1,19451208,19490425
999999,43205,TSINGTAO,CH,,,+36.183,+120.383,+0014.0,19451231,19480930
999999,44101,PEKING,CH,,RPEK,+40.000,+116.500,+0050.9,19460430,19460630
